-- phpMyAdmin SQL Dump
-- version 4.8.2
-- https://www.phpmyadmin.net/
--
-- Host: 127.0.0.1
-- Generation Time: Oct 18, 2018 at 07:28 PM
-- Server version: 10.1.34-MariaDB
-- PHP Version: 7.2.8

SET SQL_MODE = "NO_AUTO_VALUE_ON_ZERO";
SET AUTOCOMMIT = 0;
START TRANSACTION;
SET time_zone = "+00:00";


/*!40101 SET @OLD_CHARACTER_SET_CLIENT=@@CHARACTER_SET_CLIENT */;
/*!40101 SET @OLD_CHARACTER_SET_RESULTS=@@CHARACTER_SET_RESULTS */;
/*!40101 SET @OLD_COLLATION_CONNECTION=@@COLLATION_CONNECTION */;
/*!40101 SET NAMES utf8mb4 */;

--
-- Database: `railres`
--

-- --------------------------------------------------------

--
-- Table structure for table `booking`
--

CREATE TABLE `booking` (
  `uname` varchar(15) NOT NULL,
  `Tnumber` int(11) NOT NULL,
  `class` varchar(2) NOT NULL,
  `doj` date NOT NULL,
  `DOB` date NOT NULL,
  `fromstn` varchar(15) NOT NULL,
  `tostn` varchar(15) NOT NULL,
  `Name` varchar(15) NOT NULL,
  `Age` int(11) NOT NULL,
  `sex` varchar(10) NOT NULL,
  `Status` varchar(20) NOT NULL
) ENGINE=MyISAM DEFAULT CHARSET=latin1;

--
-- Dumping data for table `booking`
--

INSERT INTO `booking` (`uname`, `Tnumber`, `class`, `doj`, `DOB`, `fromstn`, `tostn`, `Name`, `Age`, `sex`, `Status`) VALUES
('Harsh', 12932, '2A', '2018-10-26', '2018-10-18', 'VAPI', 'VALSAD', 'Sumitra Palan', 40, 'female', 'Confirmed'),
('Harsh', 12932, '2A', '2018-10-26', '2018-10-18', 'VAPI', 'VALSAD', 'Harsh Palan', 20, 'male', 'Confirmed'),
('Harsh', 12932, '2A', '2018-10-26', '2018-10-18', 'VAPI', 'VALSAD', 'Jitesh Palan', 44, 'male', 'Confirmed'),
('CHECKMATE', 12009, '1A', '2018-10-25', '2018-10-18', 'BCT', 'ADI', 'Rishik Kabra', 20, 'male', 'Confirmed');

-- --------------------------------------------------------

--
-- Table structure for table `interlist`
--

CREATE TABLE `interlist` (
  `Number` int(6) DEFAULT NULL,
  `st1` varchar(10) DEFAULT NULL,
  `st1arri` varchar(10) DEFAULT NULL,
  `st2` varchar(10) DEFAULT NULL,
  `st2arri` varchar(10) DEFAULT NULL,
  `st3` varchar(10) DEFAULT NULL,
  `st3arri` varchar(10) DEFAULT NULL,
  `st4` varchar(10) DEFAULT NULL,
  `st4arri` varchar(10) DEFAULT NULL,
  `st5` varchar(10) DEFAULT NULL,
  `st5arri` varchar(10) DEFAULT NULL,
  `Ori` varchar(20) NOT NULL,
  `Oriarri` varchar(10) NOT NULL,
  `Dest` varchar(20) NOT NULL,
  `Desarri` varchar(10) NOT NULL,
  `Name` varchar(20) NOT NULL,
  `Mon` varchar(2) NOT NULL,
  `Tue` varchar(2) NOT NULL,
  `Wed` varchar(2) NOT NULL,
  `Thu` varchar(2) NOT NULL,
  `Fri` varchar(2) NOT NULL,
  `Sat` varchar(2) NOT NULL,
  `Sun` varchar(2) NOT NULL
) ENGINE=InnoDB DEFAULT CHARSET=latin1;

--
-- Dumping data for table `interlist`
--

INSERT INTO `interlist` (`Number`, `st1`, `st1arri`, `st2`, `st2arri`, `st3`, `st3arri`, `st4`, `st4arri`, `st5`, `st5arri`, `Ori`, `Oriarri`, `Dest`, `Desarri`, `Name`, `Mon`, `Tue`, `Wed`, `Thu`, `Fri`, `Sat`, `Sun`) VALUES
(12009, 'VAPI', '00:15', 'VALSAD', '01:45', 'SURAT', '02:30', 'BARODA', '10:00', 'ANAND', '11:11', 'BCT', '22:15', 'ADI', '12:25', 'SHATABDI EXP', 'Y', 'Y', 'Y', 'Y', 'Y', 'Y', 'X'),
(12931, 'VAPI', '01:15', 'VALSAD', '08:45', 'SURAT', '09:30', 'BARODA', '11:30', 'ANAND', '12:45', 'BCT', '12:00', 'ADI', '14:20', 'ADI DOUBLE DECK', 'Y', 'Y', 'Y', 'Y', 'Y', 'Y', 'Y'),
(12932, 'VAPI', '19:15', 'VALSAD', '18:45', 'SURAT', '01:30', 'BARODA', '15:30', 'ANAND', '14:11', 'ADI', '13:00', 'BCT', '22:10', 'BCT DOUBLEDECKE', 'Y', 'Y', 'Y', 'Y', 'Y', 'Y', 'Y'),
(19011, 'VAPI', '12:26', 'VALSAD', '01:50', 'SURAT', '23:45', 'BARODA', '20:20', 'ANAND', '18:10', 'ADI', '16:25', 'BCT', '10:25', 'GUJARAT EXPRESS', 'Y', 'Y', 'Y', 'Y', 'Y', 'Y', 'Y'),
(22210, 'VAPI', '00:10', 'VALSAD', '23:50', 'SURAT', '22:25', 'BARODA', '20:11', 'ANAND', '18:20', 'NDLS', '16:15', 'BCT', '01:35', 'BCT DURONTO', 'N', 'N', 'Y', 'N', 'N', 'N', 'Y');

-- --------------------------------------------------------

--
-- Table structure for table `seats_availability`
--

CREATE TABLE `seats_availability` (
  `Train_No` int(11) NOT NULL,
  `Train_Name` varchar(20) NOT NULL,
  `doj` date NOT NULL,
  `1A` int(11) NOT NULL,
  `2A` int(11) NOT NULL,
  `3A` int(11) NOT NULL,
  `AC` int(11) NOT NULL,
  `CC` int(11) NOT NULL,
  `SL` int(11) NOT NULL
) ENGINE=MyISAM DEFAULT CHARSET=latin1;

--
-- Dumping data for table `seats_availability`
--

INSERT INTO `seats_availability` (`Train_No`, `Train_Name`, `doj`, `1A`, `2A`, `3A`, `AC`, `CC`, `SL`) VALUES
(12009, 'SHATABDI EXP', '2018-10-10', 5, 5, 5, 5, 5, 5),
(12009, 'SHATABDI EXP', '2018-10-11', 5, 5, 5, 5, 5, 5),
(12009, 'SHATABDI EXP', '2018-10-12', 5, 5, 5, 5, 5, 5),
(12009, 'SHATABDI EXP', '2018-10-13', 5, 5, 5, 5, 5, 5),
(12009, 'SHATABDI EXP', '2018-10-14', 5, 5, 5, 5, 5, 5),
(12009, 'SHATABDI EXP', '2018-10-15', 5, 5, 5, 5, 5, 5),
(12009, 'SHATABDI EXP', '2018-10-16', 5, 5, 5, 5, 5, 5),
(12009, 'SHATABDI EXP', '2018-10-17', 5, 5, 5, 5, 5, 5),
(12009, 'SHATABDI EXP', '2018-10-18', 5, 5, 5, 5, 5, 5),
(12009, 'SHATABDI EXP', '2018-10-19', 5, 5, 5, 5, 5, 5),
(12009, 'SHATABDI EXP', '2018-10-20', 5, 5, 5, 5, 5, 5),
(12009, 'SHATABDI EXP', '2018-10-21', 5, 5, 5, 5, 5, 5),
(12009, 'SHATABDI EXP', '2018-10-22', 5, 5, 5, 5, 5, 5),
(12009, 'SHATABDI EXP', '2018-10-23', 5, 5, 5, 5, 5, 5),
(12009, 'SHATABDI EXP', '2018-10-24', 5, 5, 5, 5, 5, 5),
(12009, 'SHATABDI EXP', '2018-10-25', 4, 5, 5, 5, 5, 5),
(12009, 'SHATABDI EXP', '2018-10-26', 4, 5, 5, 5, 5, 5),
(12009, 'SHATABDI EXP', '2018-10-27', 5, 5, 5, 5, 5, 4),
(12009, 'SHATABDI EXP', '2018-10-28', 5, 4, 5, 5, 5, 5),
(12009, 'SHATABDI EXP', '2018-10-29', 5, 5, 5, 5, 5, 5),
(12009, 'SHATABDI EXP', '2018-10-30', 5, 5, 5, 5, 5, 5),
(12009, 'SHATABDI EXP', '2018-11-01', 5, 5, 5, 5, 5, 5),
(12009, 'SHATABDI EXP', '2018-11-02', 5, 5, 5, 5, 5, 5),
(12009, 'SHATABDI EXP', '2018-11-03', 5, 5, 5, 5, 5, 5),
(12009, 'SHATABDI EXP', '2018-11-10', 5, 5, 5, 5, 5, 5),
(12009, 'SHATABDI EXP', '2018-11-11', 5, 5, 5, 5, 5, 5),
(12009, 'SHATABDI EXP', '2018-11-12', 5, 5, 5, 5, 5, 5),
(12009, 'SHATABDI EXP', '2018-11-01', 5, 5, 5, 5, 5, 5),
(12009, 'SHATABDI EXP', '2018-11-08', 5, 5, 5, 5, 5, 5),
(12009, 'SHATABDI EXP', '2018-11-09', 5, 5, 5, 5, 5, 5),
(12009, 'SHATABDI EXP', '2018-11-10', 5, 5, 5, 5, 5, 5),
(12009, 'SHATABDI EXP', '2018-11-11', 5, 5, 5, 5, 5, 5),
(12009, 'SHATABDI EXP', '2018-11-12', 5, 5, 5, 5, 5, 5),
(12009, 'SHATABDI EXP', '2018-11-13', 5, 5, 5, 5, 5, 5),
(12009, 'SHATABDI EXP', '2018-11-14', 5, 5, 5, 5, 5, 5),
(12009, 'SHATABDI EXP', '2018-11-15', 5, 5, 5, 5, 5, 5),
(12009, 'SHATABDI EXP', '2018-11-16', 5, 5, 5, 5, 5, 5),
(12009, 'SHATABDI EXP', '2018-11-17', 5, 5, 5, 5, 5, 5),
(12009, 'SHATABDI EXP', '2018-11-18', 5, 5, 5, 5, 5, 5),
(12009, 'SHATABDI EXP', '2018-11-19', 5, 5, 5, 5, 5, 5),
(12009, 'SHATABDI EXP', '2018-11-20', 5, 5, 5, 5, 5, 5),
(12009, 'SHATABDI EXP', '2018-11-21', 5, 5, 5, 5, 5, 5),
(12009, 'SHATABDI EXP', '2018-11-22', 5, 5, 5, 5, 5, 5),
(12009, 'SHATABDI EXP', '2018-11-23', 5, 5, 5, 5, 5, 5),
(12009, 'SHATABDI EXP', '2018-11-24', 5, 5, 5, 5, 5, 5),
(12009, 'SHATABDI EXP', '2018-11-25', 5, 5, 5, 5, 5, 5),
(12009, 'SHATABDI EXP', '2018-11-26', 5, 5, 5, 5, 5, 5),
(12009, 'SHATABDI EXP', '2018-11-27', 5, 5, 5, 5, 5, 5),
(12009, 'SHATABDI EXP', '2018-11-28', 5, 5, 5, 5, 5, 5),
(12009, 'SHATABDI EXP', '2018-11-29', 5, 5, 5, 5, 5, 5),
(12009, 'SHATABDI EXP', '2018-11-30', 5, 5, 5, 5, 5, 5),
(12009, 'SHATABDI EXP', '0000-00-00', 5, 5, 5, 5, 5, 5),
(12009, 'SHATABDI EXP', '2018-12-01', 5, 5, 5, 5, 5, 5),
(12009, 'SHATABDI EXP', '2018-12-02', 5, 5, 5, 5, 5, 5),
(12009, 'SHATABDI EXP', '2018-12-03', 5, 5, 5, 5, 5, 5),
(12009, 'SHATABDI EXP', '2018-12-10', 5, 5, 5, 5, 5, 5),
(12009, 'SHATABDI EXP', '2018-12-11', 5, 5, 5, 5, 5, 5),
(12009, 'SHATABDI EXP', '2018-12-12', 5, 5, 5, 5, 5, 5),
(12009, 'SHATABDI EXP', '2018-12-01', 5, 5, 5, 5, 5, 5),
(12009, 'SHATABDI EXP', '2018-12-08', 5, 5, 5, 5, 5, 5),
(12009, 'SHATABDI EXP', '2018-12-09', 5, 5, 5, 5, 5, 5),
(12009, 'SHATABDI EXP', '2018-12-10', 5, 5, 5, 5, 5, 5),
(12009, 'SHATABDI EXP', '2018-12-11', 5, 5, 5, 5, 5, 5),
(12009, 'SHATABDI EXP', '2018-12-12', 5, 5, 5, 5, 5, 5),
(12009, 'SHATABDI EXP', '2018-12-13', 5, 5, 5, 5, 5, 5),
(12009, 'SHATABDI EXP', '2018-12-14', 5, 5, 5, 5, 5, 5),
(12009, 'SHATABDI EXP', '2018-12-15', 5, 5, 5, 5, 5, 5),
(12009, 'SHATABDI EXP', '2018-12-16', 5, 5, 5, 5, 5, 5),
(12009, 'SHATABDI EXP', '2018-12-17', 5, 5, 5, 5, 5, 5),
(12009, 'SHATABDI EXP', '2018-12-18', 5, 5, 5, 5, 5, 5),
(12009, 'SHATABDI EXP', '2018-12-19', 5, 5, 5, 5, 5, 5),
(12009, 'SHATABDI EXP', '2018-12-20', 5, 5, 5, 5, 5, 5),
(12009, 'SHATABDI EXP', '2018-12-21', 5, 5, 5, 5, 5, 5),
(12009, 'SHATABDI EXP', '2018-12-22', 5, 5, 5, 5, 5, 5),
(12009, 'SHATABDI EXP', '2018-12-23', 5, 5, 5, 5, 5, 5),
(12009, 'SHATABDI EXP', '2018-12-24', 5, 5, 5, 5, 5, 5),
(12009, 'SHATABDI EXP', '2018-12-25', 5, 5, 5, 5, 5, 5),
(12009, 'SHATABDI EXP', '2018-12-26', 5, 5, 5, 5, 5, 5),
(12009, 'SHATABDI EXP', '2018-12-27', 5, 5, 5, 5, 5, 5),
(12009, 'SHATABDI EXP', '2018-12-28', 5, 5, 5, 5, 5, 5),
(12009, 'SHATABDI EXP', '2018-12-29', 5, 5, 5, 5, 5, 5),
(12009, 'SHATABDI EXP', '2018-12-30', 5, 5, 5, 5, 5, 5),
(12009, 'SHATABDI EXP', '2018-01-01', 5, 5, 5, 5, 5, 5),
(12009, 'SHATABDI EXP', '2018-01-02', 5, 5, 5, 5, 5, 5),
(12009, 'SHATABDI EXP', '2018-01-03', 5, 5, 5, 5, 5, 5),
(12009, 'SHATABDI EXP', '2018-01-10', 5, 5, 5, 5, 5, 5),
(12009, 'SHATABDI EXP', '2018-01-11', 5, 5, 5, 5, 5, 5),
(12009, 'SHATABDI EXP', '2018-01-12', 5, 5, 5, 5, 5, 5),
(12009, 'SHATABDI EXP', '2018-01-01', 5, 5, 5, 5, 5, 5),
(12009, 'SHATABDI EXP', '2018-01-08', 5, 5, 5, 5, 5, 5),
(12931, 'ADI DOUBLE DECK', '2018-10-10', 5, 5, 5, 5, 5, 5),
(12931, 'ADI DOUBLE DECK', '2018-10-11', 5, 5, 5, 5, 5, 5),
(12931, 'ADI DOUBLE DECK', '2018-10-12', 5, 5, 5, 5, 5, 5),
(12931, 'ADI DOUBLE DECK', '2018-10-13', 5, 5, 5, 5, 5, 5),
(12931, 'ADI DOUBLE DECK', '2018-10-14', 5, 5, 5, 5, 5, 5),
(12931, 'ADI DOUBLE DECK', '2018-10-15', 5, 5, 5, 5, 5, 5),
(12931, 'ADI DOUBLE DECK', '2018-10-16', 5, 5, 5, 5, 5, 5),
(12931, 'ADI DOUBLE DECK', '2018-10-17', 5, 5, 5, 5, 5, 5),
(12931, 'ADI DOUBLE DECK', '2018-10-18', 5, 5, 5, 5, 5, 5),
(12931, 'ADI DOUBLE DECK', '2018-10-19', 5, 5, 5, 5, 5, 5),
(12931, 'ADI DOUBLE DECK', '2018-10-20', 5, 5, 5, 5, 5, 5),
(12931, 'ADI DOUBLE DECK', '2018-10-21', 5, 5, 5, 5, 5, 5),
(12931, 'ADI DOUBLE DECK', '2018-10-22', 5, 5, 5, 5, 5, 5),
(12931, 'ADI DOUBLE DECK', '2018-10-23', 5, 5, 5, 5, 5, 5),
(12931, 'ADI DOUBLE DECK', '2018-10-24', 5, 5, 5, 5, 5, 5),
(12931, 'ADI DOUBLE DECK', '2018-10-25', 5, 5, 5, 5, 5, 5),
(12931, 'ADI DOUBLE DECK', '2018-10-26', 5, 5, 5, 5, 5, 5),
(12931, 'ADI DOUBLE DECK', '2018-10-27', 5, 5, 5, 5, 5, 5),
(12931, 'ADI DOUBLE DECK', '2018-10-28', 5, 5, 4, 5, 5, 5),
(12931, 'ADI DOUBLE DECK', '2018-10-29', 5, 5, 5, 5, 5, 5),
(12931, 'ADI DOUBLE DECK', '2018-10-30', 5, 5, 5, 5, 5, 5),
(12931, 'ADI DOUBLE DECK', '2018-11-01', 5, 5, 5, 5, 5, 5),
(12931, 'ADI DOUBLE DECK', '2018-11-02', 5, 5, 5, 5, 5, 5),
(12931, 'ADI DOUBLE DECK', '2018-11-03', 5, 5, 5, 5, 5, 5),
(12931, 'ADI DOUBLE DECK', '2018-11-10', 5, 5, 5, 5, 5, 5),
(12931, 'ADI DOUBLE DECK', '2018-11-11', 5, 5, 5, 5, 5, 5),
(12931, 'ADI DOUBLE DECK', '2018-11-12', 5, 5, 5, 5, 5, 5),
(12931, 'ADI DOUBLE DECK', '2018-11-01', 5, 5, 5, 5, 5, 5),
(12931, 'ADI DOUBLE DECK', '2018-11-08', 5, 5, 5, 5, 5, 5),
(12931, 'ADI DOUBLE DECK', '2018-11-09', 5, 5, 5, 5, 5, 5),
(12931, 'ADI DOUBLE DECK', '2018-11-10', 5, 5, 5, 5, 5, 5),
(12931, 'ADI DOUBLE DECK', '2018-11-11', 5, 5, 5, 5, 5, 5),
(12931, 'ADI DOUBLE DECK', '2018-11-12', 5, 5, 5, 5, 5, 5),
(12931, 'ADI DOUBLE DECK', '2018-11-13', 5, 5, 5, 5, 5, 5),
(12931, 'ADI DOUBLE DECK', '2018-11-14', 5, 5, 5, 5, 5, 5),
(12931, 'ADI DOUBLE DECK', '2018-11-15', 5, 5, 5, 5, 5, 5),
(12931, 'ADI DOUBLE DECK', '2018-11-16', 5, 5, 5, 5, 5, 5),
(12931, 'ADI DOUBLE DECK', '2018-11-17', 5, 5, 5, 5, 5, 5),
(12931, 'ADI DOUBLE DECK', '2018-11-18', 5, 5, 5, 5, 5, 5),
(12931, 'ADI DOUBLE DECK', '2018-11-19', 5, 5, 5, 5, 5, 5),
(12931, 'ADI DOUBLE DECK', '2018-11-20', 5, 5, 5, 5, 5, 5),
(12931, 'ADI DOUBLE DECK', '2018-11-21', 5, 5, 5, 5, 5, 5),
(12931, 'ADI DOUBLE DECK', '2018-11-22', 5, 5, 5, 5, 5, 5),
(12931, 'ADI DOUBLE DECK', '2018-11-23', 5, 5, 5, 5, 5, 5),
(12931, 'ADI DOUBLE DECK', '2018-11-24', 5, 5, 5, 5, 5, 5),
(12931, 'ADI DOUBLE DECK', '2018-11-25', 5, 5, 5, 5, 5, 5),
(12931, 'ADI DOUBLE DECK', '2018-11-26', 5, 5, 5, 5, 5, 5),
(12931, 'ADI DOUBLE DECK', '2018-11-27', 5, 5, 5, 5, 5, 5),
(12931, 'ADI DOUBLE DECK', '2018-11-28', 5, 5, 5, 5, 5, 5),
(12931, 'ADI DOUBLE DECK', '2018-11-29', 5, 5, 5, 5, 5, 5),
(12931, 'ADI DOUBLE DECK', '2018-11-30', 5, 5, 5, 5, 5, 5),
(12931, 'ADI DOUBLE DECK', '0000-00-00', 5, 5, 5, 5, 5, 5),
(12931, 'ADI DOUBLE DECK', '2018-12-01', 5, 5, 5, 5, 5, 5),
(12931, 'ADI DOUBLE DECK', '2018-12-02', 5, 5, 5, 5, 5, 5),
(12931, 'ADI DOUBLE DECK', '2018-12-03', 5, 5, 5, 5, 5, 5),
(12931, 'ADI DOUBLE DECK', '2018-12-10', 5, 5, 5, 5, 5, 5),
(12931, 'ADI DOUBLE DECK', '2018-12-11', 5, 5, 5, 5, 5, 5),
(12931, 'ADI DOUBLE DECK', '2018-12-12', 5, 5, 5, 5, 5, 5),
(12931, 'ADI DOUBLE DECK', '2018-12-01', 5, 5, 5, 5, 5, 5),
(12931, 'ADI DOUBLE DECK', '2018-12-08', 5, 5, 5, 5, 5, 5),
(12931, 'ADI DOUBLE DECK', '2018-12-09', 5, 5, 5, 5, 5, 5),
(12931, 'ADI DOUBLE DECK', '2018-12-10', 5, 5, 5, 5, 5, 5),
(12931, 'ADI DOUBLE DECK', '2018-12-11', 5, 5, 5, 5, 5, 5),
(12931, 'ADI DOUBLE DECK', '2018-12-12', 5, 5, 5, 5, 5, 5),
(12931, 'ADI DOUBLE DECK', '2018-12-13', 5, 5, 5, 5, 5, 5),
(12931, 'ADI DOUBLE DECK', '2018-12-14', 5, 5, 5, 5, 5, 5),
(12931, 'ADI DOUBLE DECK', '2018-12-15', 5, 5, 5, 5, 5, 5),
(12931, 'ADI DOUBLE DECK', '2018-12-16', 5, 5, 5, 5, 5, 5),
(12931, 'ADI DOUBLE DECK', '2018-12-17', 5, 5, 5, 5, 5, 5),
(12931, 'ADI DOUBLE DECK', '2018-12-18', 5, 5, 5, 5, 5, 5),
(12931, 'ADI DOUBLE DECK', '2018-12-19', 5, 5, 5, 5, 5, 5),
(12931, 'ADI DOUBLE DECK', '2018-12-20', 5, 5, 5, 5, 5, 5),
(12931, 'ADI DOUBLE DECK', '2018-12-21', 5, 5, 5, 5, 5, 5),
(12931, 'ADI DOUBLE DECK', '2018-12-22', 5, 5, 5, 5, 5, 5),
(12931, 'ADI DOUBLE DECK', '2018-12-23', 5, 5, 5, 5, 5, 5),
(12931, 'ADI DOUBLE DECK', '2018-12-24', 5, 5, 5, 5, 5, 5),
(12931, 'ADI DOUBLE DECK', '2018-12-25', 5, 5, 5, 5, 5, 5),
(12931, 'ADI DOUBLE DECK', '2018-12-26', 5, 5, 5, 5, 5, 5),
(12931, 'ADI DOUBLE DECK', '2018-12-27', 5, 5, 5, 5, 5, 5),
(12931, 'ADI DOUBLE DECK', '2018-12-28', 5, 5, 5, 5, 5, 5),
(12931, 'ADI DOUBLE DECK', '2018-12-29', 5, 5, 5, 5, 5, 5),
(12931, 'ADI DOUBLE DECK', '2018-12-30', 5, 5, 5, 5, 5, 5),
(12931, 'ADI DOUBLE DECK', '2018-01-01', 5, 5, 5, 5, 5, 5),
(12931, 'ADI DOUBLE DECK', '2018-01-02', 5, 5, 5, 5, 5, 5),
(12931, 'ADI DOUBLE DECK', '2018-01-03', 5, 5, 5, 5, 5, 5),
(12931, 'ADI DOUBLE DECK', '2018-01-10', 5, 5, 5, 5, 5, 5),
(12931, 'ADI DOUBLE DECK', '2018-01-11', 5, 5, 5, 5, 5, 5),
(12931, 'ADI DOUBLE DECK', '2018-01-12', 5, 5, 5, 5, 5, 5),
(12931, 'ADI DOUBLE DECK', '2018-01-01', 5, 5, 5, 5, 5, 5),
(12931, 'ADI DOUBLE DECK', '2018-01-08', 5, 5, 5, 5, 5, 5),
(12932, 'BCT DOUBLEDECKE', '2018-10-10', 5, 5, 5, 5, 5, 5),
(12932, 'BCT DOUBLEDECKE', '2018-10-11', 5, 5, 5, 5, 5, 5),
(12932, 'BCT DOUBLEDECKE', '2018-10-12', 5, 5, 5, 5, 5, 5),
(12932, 'BCT DOUBLEDECKE', '2018-10-13', 5, 5, 5, 5, 5, 5),
(12932, 'BCT DOUBLEDECKE', '2018-10-14', 5, 5, 5, 5, 5, 5),
(12932, 'BCT DOUBLEDECKE', '2018-10-15', 5, 5, 5, 5, 5, 5),
(12932, 'BCT DOUBLEDECKE', '2018-10-16', 5, 5, 5, 5, 5, 5),
(12932, 'BCT DOUBLEDECKE', '2018-10-17', 5, 5, 5, 5, 5, 5),
(12932, 'BCT DOUBLEDECKE', '2018-10-18', 5, 5, 5, 5, 5, 5),
(12932, 'BCT DOUBLEDECKE', '2018-10-19', 5, 5, 5, 5, 5, 5),
(12932, 'BCT DOUBLEDECKE', '2018-10-20', 5, 5, 5, 5, 5, 5),
(12932, 'BCT DOUBLEDECKE', '2018-10-21', 5, 5, 5, 5, 5, 5),
(12932, 'BCT DOUBLEDECKE', '2018-10-22', 5, 5, 5, 5, 5, 5),
(12932, 'BCT DOUBLEDECKE', '2018-10-23', 5, 5, 5, 5, 5, 5),
(12932, 'BCT DOUBLEDECKE', '2018-10-24', 5, 5, 5, 5, 5, 5),
(12932, 'BCT DOUBLEDECKE', '2018-10-25', 5, 5, 5, 5, 5, 5),
(12932, 'BCT DOUBLEDECKE', '2018-10-26', 5, 2, 5, 5, 5, 5),
(12932, 'BCT DOUBLEDECKE', '2018-10-27', 5, 5, 5, 5, 5, 5),
(12932, 'BCT DOUBLEDECKE', '2018-10-28', 5, 5, 5, 5, 5, 5),
(12932, 'BCT DOUBLEDECKE', '2018-10-29', 5, 5, 5, 5, 5, 5),
(12932, 'BCT DOUBLEDECKE', '2018-10-30', 5, 5, 5, 5, 5, 5),
(12932, 'BCT DOUBLEDECKE', '2018-11-01', 5, 5, 5, 5, 5, 5),
(12932, 'BCT DOUBLEDECKE', '2018-11-02', 5, 5, 5, 5, 5, 5),
(12932, 'BCT DOUBLEDECKE', '2018-11-03', 5, 5, 5, 5, 5, 5),
(12932, 'BCT DOUBLEDECKE', '2018-11-10', 5, 5, 5, 5, 5, 5),
(12932, 'BCT DOUBLEDECKE', '2018-11-11', 5, 5, 5, 5, 5, 5),
(12932, 'BCT DOUBLEDECKE', '2018-11-12', 5, 5, 5, 5, 5, 5),
(12932, 'BCT DOUBLEDECKE', '2018-11-01', 5, 5, 5, 5, 5, 5),
(12932, 'BCT DOUBLEDECKE', '2018-11-08', 5, 5, 5, 5, 5, 5),
(12932, 'BCT DOUBLEDECKE', '2018-11-09', 5, 5, 5, 5, 5, 5),
(12932, 'BCT DOUBLEDECKE', '2018-11-10', 5, 5, 5, 5, 5, 5),
(12932, 'BCT DOUBLEDECKE', '2018-11-11', 5, 5, 5, 5, 5, 5),
(12932, 'BCT DOUBLEDECKE', '2018-11-12', 5, 5, 5, 5, 5, 5),
(12932, 'BCT DOUBLEDECKE', '2018-11-13', 5, 5, 5, 5, 5, 5),
(12932, 'BCT DOUBLEDECKE', '2018-11-14', 5, 5, 5, 5, 5, 5),
(12932, 'BCT DOUBLEDECKE', '2018-11-15', 5, 5, 5, 5, 5, 5),
(12932, 'BCT DOUBLEDECKE', '2018-11-16', 5, 5, 5, 5, 5, 5),
(12932, 'BCT DOUBLEDECKE', '2018-11-17', 5, 5, 5, 5, 5, 5),
(12932, 'BCT DOUBLEDECKE', '2018-11-18', 5, 5, 5, 5, 5, 5),
(12932, 'BCT DOUBLEDECKE', '2018-11-19', 5, 5, 5, 5, 5, 5),
(12932, 'BCT DOUBLEDECKE', '2018-11-20', 5, 5, 5, 5, 5, 5),
(12932, 'BCT DOUBLEDECKE', '2018-11-21', 5, 5, 5, 5, 5, 5),
(12932, 'BCT DOUBLEDECKE', '2018-11-22', 5, 5, 5, 5, 5, 5),
(12932, 'BCT DOUBLEDECKE', '2018-11-23', 5, 5, 5, 5, 5, 5),
(12932, 'BCT DOUBLEDECKE', '2018-11-24', 5, 5, 5, 5, 5, 5),
(12932, 'BCT DOUBLEDECKE', '2018-11-25', 5, 5, 5, 5, 5, 5),
(12932, 'BCT DOUBLEDECKE', '2018-11-26', 5, 5, 5, 5, 5, 5),
(12932, 'BCT DOUBLEDECKE', '2018-11-27', 5, 5, 5, 5, 5, 5),
(12932, 'BCT DOUBLEDECKE', '2018-11-28', 5, 5, 5, 5, 5, 5),
(12932, 'BCT DOUBLEDECKE', '2018-11-29', 5, 5, 5, 5, 5, 5),
(12932, 'BCT DOUBLEDECKE', '2018-11-30', 5, 5, 5, 5, 5, 5),
(12932, 'BCT DOUBLEDECKE', '0000-00-00', -3, 3, 5, 5, 5, 5),
(12932, 'BCT DOUBLEDECKE', '2018-12-01', 5, 5, 5, 5, 5, 5),
(12932, 'BCT DOUBLEDECKE', '2018-12-02', 5, 5, 5, 5, 5, 5),
(12932, 'BCT DOUBLEDECKE', '2018-12-03', 5, 5, 5, 5, 5, 5),
(12932, 'BCT DOUBLEDECKE', '2018-12-10', 5, 5, 5, 5, 5, 5),
(12932, 'BCT DOUBLEDECKE', '2018-12-11', 5, 5, 5, 5, 5, 5),
(12932, 'BCT DOUBLEDECKE', '2018-12-12', 5, 5, 5, 5, 5, 5),
(12932, 'BCT DOUBLEDECKE', '2018-12-01', 5, 5, 5, 5, 5, 5),
(12932, 'BCT DOUBLEDECKE', '2018-12-08', 5, 5, 5, 5, 5, 5),
(12932, 'BCT DOUBLEDECKE', '2018-12-09', 5, 5, 5, 5, 5, 5),
(12932, 'BCT DOUBLEDECKE', '2018-12-10', 5, 5, 5, 5, 5, 5),
(12932, 'BCT DOUBLEDECKE', '2018-12-11', 5, 5, 5, 5, 5, 5),
(12932, 'BCT DOUBLEDECKE', '2018-12-12', 5, 5, 5, 5, 5, 5),
(12932, 'BCT DOUBLEDECKE', '2018-12-13', 5, 5, 5, 5, 5, 5),
(12932, 'BCT DOUBLEDECKE', '2018-12-14', 5, 5, 5, 5, 5, 5),
(12932, 'BCT DOUBLEDECKE', '2018-12-15', 5, 5, 5, 5, 5, 5),
(12932, 'BCT DOUBLEDECKE', '2018-12-16', 5, 5, 5, 5, 5, 5),
(12932, 'BCT DOUBLEDECKE', '2018-12-17', 5, 5, 5, 5, 5, 5),
(12932, 'BCT DOUBLEDECKE', '2018-12-18', 5, 5, 5, 5, 5, 5),
(12932, 'BCT DOUBLEDECKE', '2018-12-19', 5, 5, 5, 5, 5, 5),
(12932, 'BCT DOUBLEDECKE', '2018-12-20', 5, 5, 5, 5, 5, 5),
(12932, 'BCT DOUBLEDECKE', '2018-12-21', 5, 5, 5, 5, 5, 5),
(12932, 'BCT DOUBLEDECKE', '2018-12-22', 5, 5, 5, 5, 5, 5),
(12932, 'BCT DOUBLEDECKE', '2018-12-23', 5, 5, 5, 5, 5, 5),
(12932, 'BCT DOUBLEDECKE', '2018-12-24', 5, 5, 5, 5, 5, 5),
(12932, 'BCT DOUBLEDECKE', '2018-12-25', 5, 5, 5, 5, 5, 5),
(12932, 'BCT DOUBLEDECKE', '2018-12-26', 5, 5, 5, 5, 5, 5),
(12932, 'BCT DOUBLEDECKE', '2018-12-27', 5, 5, 5, 5, 5, 5),
(12932, 'BCT DOUBLEDECKE', '2018-12-28', 5, 5, 5, 5, 5, 5),
(12932, 'BCT DOUBLEDECKE', '2018-12-29', 5, 5, 5, 5, 5, 5),
(12932, 'BCT DOUBLEDECKE', '2018-12-30', 5, 5, 5, 5, 5, 5),
(12932, 'BCT DOUBLEDECKE', '2018-01-01', 5, 5, 5, 5, 5, 5),
(12932, 'BCT DOUBLEDECKE', '2018-01-02', 5, 5, 5, 5, 5, 5),
(12932, 'BCT DOUBLEDECKE', '2018-01-03', 5, 5, 5, 5, 5, 5),
(12932, 'BCT DOUBLEDECKE', '2018-01-10', 5, 5, 5, 5, 5, 5),
(12932, 'BCT DOUBLEDECKE', '2018-01-11', 5, 5, 5, 5, 5, 5),
(12932, 'BCT DOUBLEDECKE', '2018-01-12', 5, 5, 5, 5, 5, 5),
(12932, 'BCT DOUBLEDECKE', '2018-01-01', 5, 5, 5, 5, 5, 5),
(12932, 'BCT DOUBLEDECKE', '2018-01-08', 5, 5, 5, 5, 5, 5),
(12952, 'MUMBAI RAJDHANI', '2018-10-10', 5, 5, 5, 5, 5, 5),
(12952, 'MUMBAI RAJDHANI', '2018-10-11', 5, 5, 5, 5, 5, 5),
(12952, 'MUMBAI RAJDHANI', '2018-10-12', 5, 5, 5, 5, 5, 5),
(12952, 'MUMBAI RAJDHANI', '2018-10-13', 5, 5, 5, 5, 5, 5),
(12952, 'MUMBAI RAJDHANI', '2018-10-14', 5, 5, 5, 5, 5, 5),
(12952, 'MUMBAI RAJDHANI', '2018-10-15', 5, 5, 5, 5, 5, 5),
(12952, 'MUMBAI RAJDHANI', '2018-10-16', 5, 5, 5, 5, 5, 5),
(12952, 'MUMBAI RAJDHANI', '2018-10-17', 5, 5, 5, 5, 5, 5),
(12952, 'MUMBAI RAJDHANI', '2018-10-18', 5, 5, 5, 5, 5, 5),
(12952, 'MUMBAI RAJDHANI', '2018-10-19', 5, 5, 5, 5, 5, 5),
(12952, 'MUMBAI RAJDHANI', '2018-10-20', 5, 5, 5, 5, 5, 5),
(12952, 'MUMBAI RAJDHANI', '2018-10-21', 5, 5, 5, 5, 5, 5),
(12952, 'MUMBAI RAJDHANI', '2018-10-22', 5, 5, 5, 5, 5, 5),
(12952, 'MUMBAI RAJDHANI', '2018-10-23', 5, 5, 5, 5, 5, 5),
(12952, 'MUMBAI RAJDHANI', '2018-10-24', 5, 5, 5, 5, 5, 5),
(12952, 'MUMBAI RAJDHANI', '2018-10-25', 5, 5, 5, 5, 5, 5),
(12952, 'MUMBAI RAJDHANI', '2018-10-26', 5, 5, 5, 5, 5, 5),
(12952, 'MUMBAI RAJDHANI', '2018-10-27', 5, 5, 5, 5, 5, 5),
(12952, 'MUMBAI RAJDHANI', '2018-10-28', 5, 5, 5, 5, 5, 5),
(12952, 'MUMBAI RAJDHANI', '2018-10-29', 5, 5, 5, 5, 5, 5),
(12952, 'MUMBAI RAJDHANI', '2018-10-30', 5, 5, 5, 5, 5, 5),
(12952, 'MUMBAI RAJDHANI', '2018-11-01', 5, 5, 5, 5, 5, 5),
(12952, 'MUMBAI RAJDHANI', '2018-11-02', 5, 5, 5, 5, 5, 5),
(12952, 'MUMBAI RAJDHANI', '2018-11-03', 5, 5, 5, 5, 5, 5),
(12952, 'MUMBAI RAJDHANI', '2018-11-10', 5, 5, 5, 5, 5, 5),
(12952, 'MUMBAI RAJDHANI', '2018-11-11', 5, 5, 5, 5, 5, 5),
(12952, 'MUMBAI RAJDHANI', '2018-11-12', 5, 5, 5, 5, 5, 5),
(12952, 'MUMBAI RAJDHANI', '2018-11-01', 5, 5, 5, 5, 5, 5),
(12952, 'MUMBAI RAJDHANI', '2018-11-08', 5, 5, 5, 5, 5, 5),
(12952, 'MUMBAI RAJDHANI', '2018-11-09', 5, 5, 5, 5, 5, 5),
(12952, 'MUMBAI RAJDHANI', '2018-11-10', 5, 5, 5, 5, 5, 5),
(12952, 'MUMBAI RAJDHANI', '2018-11-11', 5, 5, 5, 5, 5, 5),
(12952, 'MUMBAI RAJDHANI', '2018-11-12', 5, 5, 5, 5, 5, 5),
(12952, 'MUMBAI RAJDHANI', '2018-11-13', 5, 5, 5, 5, 5, 5),
(12952, 'MUMBAI RAJDHANI', '2018-11-14', 5, 5, 5, 5, 5, 5),
(12952, 'MUMBAI RAJDHANI', '2018-11-15', 5, 5, 5, 5, 5, 5),
(12952, 'MUMBAI RAJDHANI', '2018-11-16', 5, 5, 5, 5, 5, 5),
(12952, 'MUMBAI RAJDHANI', '2018-11-17', 5, 5, 5, 5, 5, 5),
(12952, 'MUMBAI RAJDHANI', '2018-11-18', 5, 5, 5, 5, 5, 5),
(12952, 'MUMBAI RAJDHANI', '2018-11-19', 5, 5, 5, 5, 5, 5),
(12952, 'MUMBAI RAJDHANI', '2018-11-20', 5, 5, 5, 5, 5, 5),
(12952, 'MUMBAI RAJDHANI', '2018-11-21', 5, 5, 5, 5, 5, 5),
(12952, 'MUMBAI RAJDHANI', '2018-11-22', 5, 5, 5, 5, 5, 5),
(12952, 'MUMBAI RAJDHANI', '2018-11-23', 5, 5, 5, 5, 5, 5),
(12952, 'MUMBAI RAJDHANI', '2018-11-24', 5, 5, 5, 5, 5, 5),
(12952, 'MUMBAI RAJDHANI', '2018-11-25', 5, 5, 5, 5, 5, 5),
(12952, 'MUMBAI RAJDHANI', '2018-11-26', 5, 5, 5, 5, 5, 5),
(12952, 'MUMBAI RAJDHANI', '2018-11-27', 5, 5, 5, 5, 5, 5),
(12952, 'MUMBAI RAJDHANI', '2018-11-28', 5, 5, 5, 5, 5, 5),
(12952, 'MUMBAI RAJDHANI', '2018-11-29', 5, 5, 5, 5, 5, 5),
(12952, 'MUMBAI RAJDHANI', '2018-11-30', 5, 5, 5, 5, 5, 5),
(12952, 'MUMBAI RAJDHANI', '0000-00-00', 5, 5, 5, 5, 5, 5),
(12952, 'MUMBAI RAJDHANI', '2018-12-01', 5, 5, 5, 5, 5, 5),
(12952, 'MUMBAI RAJDHANI', '2018-12-02', 5, 5, 5, 5, 5, 5),
(12952, 'MUMBAI RAJDHANI', '2018-12-03', 5, 5, 5, 5, 5, 5),
(12952, 'MUMBAI RAJDHANI', '2018-12-10', 5, 5, 5, 5, 5, 5),
(12952, 'MUMBAI RAJDHANI', '2018-12-11', 5, 5, 5, 5, 5, 5),
(12952, 'MUMBAI RAJDHANI', '2018-12-12', 5, 5, 5, 5, 5, 5),
(12952, 'MUMBAI RAJDHANI', '2018-12-01', 5, 5, 5, 5, 5, 5),
(12952, 'MUMBAI RAJDHANI', '2018-12-08', 5, 5, 5, 5, 5, 5),
(12952, 'MUMBAI RAJDHANI', '2018-12-09', 5, 5, 5, 5, 5, 5),
(12952, 'MUMBAI RAJDHANI', '2018-12-10', 5, 5, 5, 5, 5, 5),
(12952, 'MUMBAI RAJDHANI', '2018-12-11', 5, 5, 5, 5, 5, 5),
(12952, 'MUMBAI RAJDHANI', '2018-12-12', 5, 5, 5, 5, 5, 5),
(12952, 'MUMBAI RAJDHANI', '2018-12-13', 5, 5, 5, 5, 5, 5),
(12952, 'MUMBAI RAJDHANI', '2018-12-14', 5, 5, 5, 5, 5, 5),
(12952, 'MUMBAI RAJDHANI', '2018-12-15', 5, 5, 5, 5, 5, 5),
(12952, 'MUMBAI RAJDHANI', '2018-12-16', 5, 5, 5, 5, 5, 5),
(12952, 'MUMBAI RAJDHANI', '2018-12-17', 5, 5, 5, 5, 5, 5),
(12952, 'MUMBAI RAJDHANI', '2018-12-18', 5, 5, 5, 5, 5, 5),
(12952, 'MUMBAI RAJDHANI', '2018-12-19', 5, 5, 5, 5, 5, 5),
(12952, 'MUMBAI RAJDHANI', '2018-12-20', 5, 5, 5, 5, 5, 5),
(12952, 'MUMBAI RAJDHANI', '2018-12-21', 5, 5, 5, 5, 5, 5),
(12952, 'MUMBAI RAJDHANI', '2018-12-22', 5, 5, 5, 5, 5, 5),
(12952, 'MUMBAI RAJDHANI', '2018-12-23', 5, 5, 5, 5, 5, 5),
(12952, 'MUMBAI RAJDHANI', '2018-12-24', 5, 5, 5, 5, 5, 5),
(12952, 'MUMBAI RAJDHANI', '2018-12-25', 5, 5, 5, 5, 5, 5),
(12952, 'MUMBAI RAJDHANI', '2018-12-26', 5, 5, 5, 5, 5, 5),
(12952, 'MUMBAI RAJDHANI', '2018-12-27', 5, 5, 5, 5, 5, 5),
(12952, 'MUMBAI RAJDHANI', '2018-12-28', 5, 5, 5, 5, 5, 5),
(12952, 'MUMBAI RAJDHANI', '2018-12-29', 5, 5, 5, 5, 5, 5),
(12952, 'MUMBAI RAJDHANI', '2018-12-30', 5, 5, 5, 5, 5, 5),
(12952, 'MUMBAI RAJDHANI', '2018-01-01', 5, 5, 5, 5, 5, 5),
(12952, 'MUMBAI RAJDHANI', '2018-01-02', 5, 5, 5, 5, 5, 5),
(12952, 'MUMBAI RAJDHANI', '2018-01-03', 5, 5, 5, 5, 5, 5),
(12952, 'MUMBAI RAJDHANI', '2018-01-10', 5, 5, 5, 5, 5, 5),
(12952, 'MUMBAI RAJDHANI', '2018-01-11', 5, 5, 5, 5, 5, 5),
(12952, 'MUMBAI RAJDHANI', '2018-01-12', 5, 5, 5, 5, 5, 5),
(12952, 'MUMBAI RAJDHANI', '2018-01-01', 5, 5, 5, 5, 5, 5),
(12952, 'MUMBAI RAJDHANI', '2018-01-08', 5, 5, 5, 5, 5, 5),
(19011, 'GUJARAT EXPRESS', '2018-10-10', 5, 5, 5, 5, 5, 5),
(19011, 'GUJARAT EXPRESS', '2018-10-11', 5, 5, 5, 5, 5, 5),
(19011, 'GUJARAT EXPRESS', '2018-10-12', 5, 5, 5, 5, 5, 5),
(19011, 'GUJARAT EXPRESS', '2018-10-13', 5, 5, 5, 5, 5, 5),
(19011, 'GUJARAT EXPRESS', '2018-10-14', 5, 5, 5, 5, 5, 5),
(19011, 'GUJARAT EXPRESS', '2018-10-15', 5, 5, 5, 5, 5, 5),
(19011, 'GUJARAT EXPRESS', '2018-10-16', 5, 5, 5, 5, 5, 5),
(19011, 'GUJARAT EXPRESS', '2018-10-17', 5, 5, 5, 5, 5, 5),
(19011, 'GUJARAT EXPRESS', '2018-10-18', 5, 5, 5, 5, 5, 5),
(19011, 'GUJARAT EXPRESS', '2018-10-19', 5, 5, 5, 5, 5, 5),
(19011, 'GUJARAT EXPRESS', '2018-10-20', 5, 5, 5, 5, 5, 5),
(19011, 'GUJARAT EXPRESS', '2018-10-21', 5, 5, 5, 5, 5, 5),
(19011, 'GUJARAT EXPRESS', '2018-10-22', 5, 5, 5, 5, 5, 5),
(19011, 'GUJARAT EXPRESS', '2018-10-23', 5, 5, 5, 5, 5, 5),
(19011, 'GUJARAT EXPRESS', '2018-10-24', 5, 5, 5, 5, 5, 5),
(19011, 'GUJARAT EXPRESS', '2018-10-25', 5, 5, 5, 5, 5, 5),
(19011, 'GUJARAT EXPRESS', '2018-10-26', 5, 5, 5, 5, 5, 5),
(19011, 'GUJARAT EXPRESS', '2018-10-27', 5, 5, 5, 5, 5, 5),
(19011, 'GUJARAT EXPRESS', '2018-10-28', 5, 5, 5, 5, 5, 5),
(19011, 'GUJARAT EXPRESS', '2018-10-29', 5, 5, 5, 5, 5, 5),
(19011, 'GUJARAT EXPRESS', '2018-10-30', 4, 5, 5, 5, 5, 5),
(19011, 'GUJARAT EXPRESS', '2018-11-01', 5, 5, 5, 5, 5, 5),
(19011, 'GUJARAT EXPRESS', '2018-11-02', 5, 5, 5, 5, 5, 5),
(19011, 'GUJARAT EXPRESS', '2018-11-03', 5, 5, 5, 5, 5, 5),
(19011, 'GUJARAT EXPRESS', '2018-11-10', 5, 5, 5, 5, 5, 5),
(19011, 'GUJARAT EXPRESS', '2018-11-11', 5, 5, 5, 5, 5, 5),
(19011, 'GUJARAT EXPRESS', '2018-11-12', 5, 5, 5, 5, 5, 5),
(19011, 'GUJARAT EXPRESS', '2018-11-01', 5, 5, 5, 5, 5, 5),
(19011, 'GUJARAT EXPRESS', '2018-11-08', 5, 5, 5, 5, 5, 5),
(19011, 'GUJARAT EXPRESS', '2018-11-09', 5, 5, 5, 5, 5, 5),
(19011, 'GUJARAT EXPRESS', '2018-11-10', 5, 5, 5, 5, 5, 5),
(19011, 'GUJARAT EXPRESS', '2018-11-11', 5, 5, 5, 5, 5, 5),
(19011, 'GUJARAT EXPRESS', '2018-11-12', 5, 5, 5, 5, 5, 5),
(19011, 'GUJARAT EXPRESS', '2018-11-13', 5, 5, 5, 5, 5, 5),
(19011, 'GUJARAT EXPRESS', '2018-11-14', 5, 5, 5, 5, 5, 5),
(19011, 'GUJARAT EXPRESS', '2018-11-15', 5, 5, 5, 5, 5, 5),
(19011, 'GUJARAT EXPRESS', '2018-11-16', 5, 5, 5, 5, 5, 5),
(19011, 'GUJARAT EXPRESS', '2018-11-17', 5, 5, 5, 5, 5, 5),
(19011, 'GUJARAT EXPRESS', '2018-11-18', 5, 5, 5, 5, 5, 5),
(19011, 'GUJARAT EXPRESS', '2018-11-19', 5, 5, 5, 5, 5, 5),
(19011, 'GUJARAT EXPRESS', '2018-11-20', 5, 5, 5, 5, 5, 5),
(19011, 'GUJARAT EXPRESS', '2018-11-21', 5, 5, 5, 5, 5, 5),
(19011, 'GUJARAT EXPRESS', '2018-11-22', 5, 5, 5, 5, 5, 5),
(19011, 'GUJARAT EXPRESS', '2018-11-23', 5, 5, 5, 5, 5, 5),
(19011, 'GUJARAT EXPRESS', '2018-11-24', 5, 5, 5, 5, 5, 5),
(19011, 'GUJARAT EXPRESS', '2018-11-25', 5, 5, 5, 5, 5, 5),
(19011, 'GUJARAT EXPRESS', '2018-11-26', 5, 5, 5, 5, 5, 5),
(19011, 'GUJARAT EXPRESS', '2018-11-27', 5, 5, 5, 5, 5, 5),
(19011, 'GUJARAT EXPRESS', '2018-11-28', 5, 5, 5, 5, 5, 5),
(19011, 'GUJARAT EXPRESS', '2018-11-29', 5, 5, 5, 5, 5, 5),
(19011, 'GUJARAT EXPRESS', '2018-11-30', 5, 5, 5, 5, 5, 5),
(19011, 'GUJARAT EXPRESS', '0000-00-00', 5, 5, 5, 5, 5, 5),
(19011, 'GUJARAT EXPRESS', '2018-12-01', 5, 5, 5, 5, 5, 5),
(19011, 'GUJARAT EXPRESS', '2018-12-02', 5, 5, 5, 5, 5, 5),
(19011, 'GUJARAT EXPRESS', '2018-12-03', 5, 5, 5, 5, 5, 5),
(19011, 'GUJARAT EXPRESS', '2018-12-10', 5, 5, 5, 5, 5, 5),
(19011, 'GUJARAT EXPRESS', '2018-12-11', 5, 5, 5, 5, 5, 5),
(19011, 'GUJARAT EXPRESS', '2018-12-12', 5, 5, 5, 5, 5, 5),
(19011, 'GUJARAT EXPRESS', '2018-12-01', 5, 5, 5, 5, 5, 5),
(19011, 'GUJARAT EXPRESS', '2018-12-08', 5, 5, 5, 5, 5, 5),
(19011, 'GUJARAT EXPRESS', '2018-12-09', 5, 5, 5, 5, 5, 5),
(19011, 'GUJARAT EXPRESS', '2018-12-10', 5, 5, 5, 5, 5, 5),
(19011, 'GUJARAT EXPRESS', '2018-12-11', 5, 5, 5, 5, 5, 5),
(19011, 'GUJARAT EXPRESS', '2018-12-12', 5, 5, 5, 5, 5, 5),
(19011, 'GUJARAT EXPRESS', '2018-12-13', 5, 5, 5, 5, 5, 5),
(19011, 'GUJARAT EXPRESS', '2018-12-14', 5, 5, 5, 5, 5, 5),
(19011, 'GUJARAT EXPRESS', '2018-12-15', 5, 5, 5, 5, 5, 5),
(19011, 'GUJARAT EXPRESS', '2018-12-16', 5, 5, 5, 5, 5, 5),
(19011, 'GUJARAT EXPRESS', '2018-12-17', 5, 5, 5, 5, 5, 5),
(19011, 'GUJARAT EXPRESS', '2018-12-18', 5, 5, 5, 5, 5, 5),
(19011, 'GUJARAT EXPRESS', '2018-12-19', 5, 5, 5, 5, 5, 5),
(19011, 'GUJARAT EXPRESS', '2018-12-20', 5, 5, 5, 5, 5, 5),
(19011, 'GUJARAT EXPRESS', '2018-12-21', 5, 5, 5, 5, 5, 5),
(19011, 'GUJARAT EXPRESS', '2018-12-22', 5, 5, 5, 5, 5, 5),
(19011, 'GUJARAT EXPRESS', '2018-12-23', 5, 5, 5, 5, 5, 5),
(19011, 'GUJARAT EXPRESS', '2018-12-24', 5, 5, 5, 5, 5, 5),
(19011, 'GUJARAT EXPRESS', '2018-12-25', 5, 5, 5, 5, 5, 5),
(19011, 'GUJARAT EXPRESS', '2018-12-26', 5, 5, 5, 5, 5, 5),
(19011, 'GUJARAT EXPRESS', '2018-12-27', 5, 5, 5, 5, 5, 5),
(19011, 'GUJARAT EXPRESS', '2018-12-28', 5, 5, 5, 5, 5, 5),
(19011, 'GUJARAT EXPRESS', '2018-12-29', 5, 5, 5, 5, 5, 5),
(19011, 'GUJARAT EXPRESS', '2018-12-30', 5, 5, 5, 5, 5, 5),
(19011, 'GUJARAT EXPRESS', '2018-01-01', 5, 5, 5, 5, 5, 5),
(19011, 'GUJARAT EXPRESS', '2018-01-02', 5, 5, 5, 5, 5, 5),
(19011, 'GUJARAT EXPRESS', '2018-01-03', 5, 5, 5, 5, 5, 5),
(19011, 'GUJARAT EXPRESS', '2018-01-10', 5, 5, 5, 5, 5, 5),
(19011, 'GUJARAT EXPRESS', '2018-01-11', 5, 5, 5, 5, 5, 5),
(19011, 'GUJARAT EXPRESS', '2018-01-12', 5, 5, 5, 5, 5, 5),
(19011, 'GUJARAT EXPRESS', '2018-01-01', 5, 5, 5, 5, 5, 5),
(19011, 'GUJARAT EXPRESS', '2018-01-08', 5, 5, 5, 5, 5, 5),
(22210, 'BCT DURONTO', '2018-10-10', 5, 5, 5, 5, 5, 5),
(22210, 'BCT DURONTO', '2018-10-11', 5, 5, 5, 5, 5, 5),
(22210, 'BCT DURONTO', '2018-10-12', 5, 5, 5, 5, 5, 5),
(22210, 'BCT DURONTO', '2018-10-13', 5, 5, 5, 5, 5, 5),
(22210, 'BCT DURONTO', '2018-10-14', 5, 5, 5, 5, 5, 5),
(22210, 'BCT DURONTO', '2018-10-15', 5, 5, 5, 5, 5, 5),
(22210, 'BCT DURONTO', '2018-10-16', 5, 5, 5, 5, 5, 5),
(22210, 'BCT DURONTO', '2018-10-17', 5, 5, 5, 5, 5, 5),
(22210, 'BCT DURONTO', '2018-10-18', 5, 5, 5, 5, 5, 5),
(22210, 'BCT DURONTO', '2018-10-19', 5, 5, 5, 5, 5, 5),
(22210, 'BCT DURONTO', '2018-10-20', 5, 5, 5, 5, 5, 5),
(22210, 'BCT DURONTO', '2018-10-21', 5, 5, 5, 5, 5, 5),
(22210, 'BCT DURONTO', '2018-10-22', 5, 5, 5, 5, 5, 5),
(22210, 'BCT DURONTO', '2018-10-23', 5, 5, 5, 5, 5, 5),
(22210, 'BCT DURONTO', '2018-10-24', 5, 5, 5, 5, 5, 5),
(22210, 'BCT DURONTO', '2018-10-25', 5, 5, 5, 5, 5, 5),
(22210, 'BCT DURONTO', '2018-10-26', 5, 5, 5, 5, 5, 5),
(22210, 'BCT DURONTO', '2018-10-27', 5, 5, 5, 5, 5, 5),
(22210, 'BCT DURONTO', '2018-10-28', 5, 5, 5, 5, 5, 5),
(22210, 'BCT DURONTO', '2018-10-29', 5, 5, 5, 5, 5, 5),
(22210, 'BCT DURONTO', '2018-10-30', 5, 5, 5, 5, 5, 5),
(22210, 'BCT DURONTO', '2018-11-01', 5, 5, 5, 5, 5, 5),
(22210, 'BCT DURONTO', '2018-11-02', 5, 5, 5, 5, 5, 5),
(22210, 'BCT DURONTO', '2018-11-03', 5, 5, 5, 5, 5, 5),
(22210, 'BCT DURONTO', '2018-11-10', 5, 5, 5, 5, 5, 5),
(22210, 'BCT DURONTO', '2018-11-11', 5, 5, 5, 5, 5, 5),
(22210, 'BCT DURONTO', '2018-11-12', 5, 5, 5, 5, 5, 5),
(22210, 'BCT DURONTO', '2018-11-01', 5, 5, 5, 5, 5, 5),
(22210, 'BCT DURONTO', '2018-11-08', 5, 5, 5, 5, 5, 5),
(22210, 'BCT DURONTO', '2018-11-09', 5, 5, 5, 5, 5, 5),
(22210, 'BCT DURONTO', '2018-11-10', 5, 5, 5, 5, 5, 5),
(22210, 'BCT DURONTO', '2018-11-11', 5, 5, 5, 5, 5, 5),
(22210, 'BCT DURONTO', '2018-11-12', 5, 5, 5, 5, 5, 5),
(22210, 'BCT DURONTO', '2018-11-13', 5, 5, 5, 5, 5, 5),
(22210, 'BCT DURONTO', '2018-11-14', 5, 5, 5, 5, 5, 5),
(22210, 'BCT DURONTO', '2018-11-15', 5, 5, 5, 5, 5, 5),
(22210, 'BCT DURONTO', '2018-11-16', 5, 5, 5, 5, 5, 5),
(22210, 'BCT DURONTO', '2018-11-17', 5, 5, 5, 5, 5, 5),
(22210, 'BCT DURONTO', '2018-11-18', 5, 5, 5, 5, 5, 5),
(22210, 'BCT DURONTO', '2018-11-19', 5, 5, 5, 5, 5, 5),
(22210, 'BCT DURONTO', '2018-11-20', 5, 5, 5, 5, 5, 5),
(22210, 'BCT DURONTO', '2018-11-21', 5, 5, 5, 5, 5, 5),
(22210, 'BCT DURONTO', '2018-11-22', 5, 5, 5, 5, 5, 5),
(22210, 'BCT DURONTO', '2018-11-23', 5, 5, 5, 5, 5, 5),
(22210, 'BCT DURONTO', '2018-11-24', 5, 5, 5, 5, 5, 5),
(22210, 'BCT DURONTO', '2018-11-25', 5, 5, 5, 5, 5, 5),
(22210, 'BCT DURONTO', '2018-11-26', 5, 5, 5, 5, 5, 5),
(22210, 'BCT DURONTO', '2018-11-27', 5, 5, 5, 5, 5, 5),
(22210, 'BCT DURONTO', '2018-11-28', 5, 5, 5, 5, 5, 5),
(22210, 'BCT DURONTO', '2018-11-29', 5, 5, 5, 5, 5, 5),
(22210, 'BCT DURONTO', '2018-11-30', 5, 5, 5, 5, 5, 5),
(22210, 'BCT DURONTO', '0000-00-00', 5, 5, 5, 5, 5, 5),
(22210, 'BCT DURONTO', '2018-12-01', 5, 5, 5, 5, 5, 5),
(22210, 'BCT DURONTO', '2018-12-02', 5, 5, 5, 5, 5, 5),
(22210, 'BCT DURONTO', '2018-12-03', 5, 5, 5, 5, 5, 5),
(22210, 'BCT DURONTO', '2018-12-10', 5, 5, 5, 5, 5, 5),
(22210, 'BCT DURONTO', '2018-12-11', 5, 5, 5, 5, 5, 5),
(22210, 'BCT DURONTO', '2018-12-12', 5, 5, 5, 5, 5, 5),
(22210, 'BCT DURONTO', '2018-12-01', 5, 5, 5, 5, 5, 5),
(22210, 'BCT DURONTO', '2018-12-08', 5, 5, 5, 5, 5, 5),
(22210, 'BCT DURONTO', '2018-12-09', 5, 5, 5, 5, 5, 5),
(22210, 'BCT DURONTO', '2018-12-10', 5, 5, 5, 5, 5, 5),
(22210, 'BCT DURONTO', '2018-12-11', 5, 5, 5, 5, 5, 5),
(22210, 'BCT DURONTO', '2018-12-12', 5, 5, 5, 5, 5, 5),
(22210, 'BCT DURONTO', '2018-12-13', 5, 5, 5, 5, 5, 5),
(22210, 'BCT DURONTO', '2018-12-14', 5, 5, 5, 5, 5, 5),
(22210, 'BCT DURONTO', '2018-12-15', 5, 5, 5, 5, 5, 5),
(22210, 'BCT DURONTO', '2018-12-16', 5, 5, 5, 5, 5, 5),
(22210, 'BCT DURONTO', '2018-12-17', 5, 5, 5, 5, 5, 5),
(22210, 'BCT DURONTO', '2018-12-18', 5, 5, 5, 5, 5, 5),
(22210, 'BCT DURONTO', '2018-12-19', 5, 5, 5, 5, 5, 5),
(22210, 'BCT DURONTO', '2018-12-20', 5, 5, 5, 5, 5, 5),
(22210, 'BCT DURONTO', '2018-12-21', 5, 5, 5, 5, 5, 5),
(22210, 'BCT DURONTO', '2018-12-22', 5, 5, 5, 5, 5, 5),
(22210, 'BCT DURONTO', '2018-12-23', 5, 5, 5, 5, 5, 5),
(22210, 'BCT DURONTO', '2018-12-24', 5, 5, 5, 5, 5, 5),
(22210, 'BCT DURONTO', '2018-12-25', 5, 5, 5, 5, 5, 5),
(22210, 'BCT DURONTO', '2018-12-26', 5, 5, 5, 5, 5, 5),
(22210, 'BCT DURONTO', '2018-12-27', 5, 5, 5, 5, 5, 5),
(22210, 'BCT DURONTO', '2018-12-28', 5, 5, 5, 5, 5, 5),
(22210, 'BCT DURONTO', '2018-12-29', 5, 5, 5, 5, 5, 5),
(22210, 'BCT DURONTO', '2018-12-30', 5, 5, 5, 5, 5, 5),
(22210, 'BCT DURONTO', '2018-01-01', 5, 5, 5, 5, 5, 5),
(22210, 'BCT DURONTO', '2018-01-02', 5, 5, 5, 5, 5, 5),
(22210, 'BCT DURONTO', '2018-01-03', 5, 5, 5, 5, 5, 5),
(22210, 'BCT DURONTO', '2018-01-10', 5, 5, 5, 5, 5, 5),
(22210, 'BCT DURONTO', '2018-01-11', 5, 5, 5, 5, 5, 5),
(22210, 'BCT DURONTO', '2018-01-12', 5, 5, 5, 5, 5, 5),
(22210, 'BCT DURONTO', '2018-01-01', 5, 5, 5, 5, 5, 5),
(22210, 'BCT DURONTO', '2018-01-08', 5, 5, 5, 5, 5, 5),
(22220, 'BCT DURONTO', '2018-10-10', 5, 5, 5, 5, 5, 5),
(22220, 'BCT DURONTO', '2018-10-11', 5, 5, 5, 5, 5, 5),
(22220, 'BCT DURONTO', '2018-10-12', 5, 5, 5, 5, 5, 5),
(22220, 'BCT DURONTO', '2018-10-13', 5, 5, 5, 5, 5, 5),
(22220, 'BCT DURONTO', '2018-10-14', 5, 5, 5, 5, 5, 5),
(22220, 'BCT DURONTO', '2018-10-15', 5, 5, 5, 5, 5, 5),
(22220, 'BCT DURONTO', '2018-10-16', 5, 5, 5, 5, 5, 5),
(22220, 'BCT DURONTO', '2018-10-17', 5, 5, 5, 5, 5, 5),
(22220, 'BCT DURONTO', '2018-10-18', 5, 5, 5, 5, 5, 5),
(22220, 'BCT DURONTO', '2018-10-19', 5, 5, 5, 5, 5, 5),
(22220, 'BCT DURONTO', '2018-10-20', 5, 5, 5, 5, 5, 5),
(22220, 'BCT DURONTO', '2018-10-21', 5, 5, 5, 5, 5, 5),
(22220, 'BCT DURONTO', '2018-10-22', 5, 5, 5, 5, 5, 5),
(22220, 'BCT DURONTO', '2018-10-23', 5, 5, 5, 5, 5, 5),
(22220, 'BCT DURONTO', '2018-10-24', 5, 5, 5, 5, 5, 5),
(22220, 'BCT DURONTO', '2018-10-25', 5, 5, 5, 5, 5, 5),
(22220, 'BCT DURONTO', '2018-10-26', 5, 5, 5, 5, 5, 5),
(22220, 'BCT DURONTO', '2018-10-27', 5, 5, 5, 5, 5, 5),
(22220, 'BCT DURONTO', '2018-10-28', 5, 5, 5, 5, 5, 5),
(22220, 'BCT DURONTO', '2018-10-29', 5, 5, 5, 5, 5, 5),
(22220, 'BCT DURONTO', '2018-10-30', 5, 5, 5, 5, 5, 5),
(22220, 'BCT DURONTO', '2018-11-01', 5, 5, 5, 5, 5, 5),
(22220, 'BCT DURONTO', '2018-11-02', 5, 5, 5, 5, 5, 5),
(22220, 'BCT DURONTO', '2018-11-03', 5, 5, 5, 5, 5, 5),
(22220, 'BCT DURONTO', '2018-11-10', 5, 5, 5, 5, 5, 5),
(22220, 'BCT DURONTO', '2018-11-11', 5, 5, 5, 5, 5, 5),
(22220, 'BCT DURONTO', '2018-11-12', 5, 5, 5, 5, 5, 5),
(22220, 'BCT DURONTO', '2018-11-01', 5, 5, 5, 5, 5, 5),
(22220, 'BCT DURONTO', '2018-11-08', 5, 5, 5, 5, 5, 5),
(22220, 'BCT DURONTO', '2018-11-09', 5, 5, 5, 5, 5, 5),
(22220, 'BCT DURONTO', '2018-11-10', 5, 5, 5, 5, 5, 5),
(22220, 'BCT DURONTO', '2018-11-11', 5, 5, 5, 5, 5, 5),
(22220, 'BCT DURONTO', '2018-11-12', 5, 5, 5, 5, 5, 5),
(22220, 'BCT DURONTO', '2018-11-13', 5, 5, 5, 5, 5, 5),
(22220, 'BCT DURONTO', '2018-11-14', 5, 5, 5, 5, 5, 5),
(22220, 'BCT DURONTO', '2018-11-15', 5, 5, 5, 5, 5, 5),
(22220, 'BCT DURONTO', '2018-11-16', 5, 5, 5, 5, 5, 5),
(22220, 'BCT DURONTO', '2018-11-17', 5, 5, 5, 5, 5, 5),
(22220, 'BCT DURONTO', '2018-11-18', 5, 5, 5, 5, 5, 5),
(22220, 'BCT DURONTO', '2018-11-19', 5, 5, 5, 5, 5, 5),
(22220, 'BCT DURONTO', '2018-11-20', 5, 5, 5, 5, 5, 5),
(22220, 'BCT DURONTO', '2018-11-21', 5, 5, 5, 5, 5, 5),
(22220, 'BCT DURONTO', '2018-11-22', 5, 5, 5, 5, 5, 5),
(22220, 'BCT DURONTO', '2018-11-23', 5, 5, 5, 5, 5, 5),
(22220, 'BCT DURONTO', '2018-11-24', 5, 5, 5, 5, 5, 5),
(22220, 'BCT DURONTO', '2018-11-25', 5, 5, 5, 5, 5, 5),
(22220, 'BCT DURONTO', '2018-11-26', 5, 5, 5, 5, 5, 5),
(22220, 'BCT DURONTO', '2018-11-27', 5, 5, 5, 5, 5, 5),
(22220, 'BCT DURONTO', '2018-11-28', 5, 5, 5, 5, 5, 5),
(22220, 'BCT DURONTO', '2018-11-29', 5, 5, 5, 5, 5, 5),
(22220, 'BCT DURONTO', '2018-11-30', 5, 5, 5, 5, 5, 5),
(22220, 'BCT DURONTO', '0000-00-00', 5, 5, 5, 5, 5, 5),
(22220, 'BCT DURONTO', '2018-12-01', 5, 5, 5, 5, 5, 5),
(22220, 'BCT DURONTO', '2018-12-02', 5, 5, 5, 5, 5, 5),
(22220, 'BCT DURONTO', '2018-12-03', 5, 5, 5, 5, 5, 5),
(22220, 'BCT DURONTO', '2018-12-10', 5, 5, 5, 5, 5, 5),
(22220, 'BCT DURONTO', '2018-12-11', 5, 5, 5, 5, 5, 5),
(22220, 'BCT DURONTO', '2018-12-12', 5, 5, 5, 5, 5, 5),
(22220, 'BCT DURONTO', '2018-12-01', 5, 5, 5, 5, 5, 5),
(22220, 'BCT DURONTO', '2018-12-08', 5, 5, 5, 5, 5, 5),
(22220, 'BCT DURONTO', '2018-12-09', 5, 5, 5, 5, 5, 5),
(22220, 'BCT DURONTO', '2018-12-10', 5, 5, 5, 5, 5, 5),
(22220, 'BCT DURONTO', '2018-12-11', 5, 5, 5, 5, 5, 5),
(22220, 'BCT DURONTO', '2018-12-12', 5, 5, 5, 5, 5, 5),
(22220, 'BCT DURONTO', '2018-12-13', 5, 5, 5, 5, 5, 5),
(22220, 'BCT DURONTO', '2018-12-14', 5, 5, 5, 5, 5, 5),
(22220, 'BCT DURONTO', '2018-12-15', 5, 5, 5, 5, 5, 5),
(22220, 'BCT DURONTO', '2018-12-16', 5, 5, 5, 5, 5, 5),
(22220, 'BCT DURONTO', '2018-12-17', 5, 5, 5, 5, 5, 5),
(22220, 'BCT DURONTO', '2018-12-18', 5, 5, 5, 5, 5, 5),
(22220, 'BCT DURONTO', '2018-12-19', 5, 5, 5, 5, 5, 5),
(22220, 'BCT DURONTO', '2018-12-20', 5, 5, 5, 5, 5, 5),
(22220, 'BCT DURONTO', '2018-12-21', 5, 5, 5, 5, 5, 5),
(22220, 'BCT DURONTO', '2018-12-22', 5, 5, 5, 5, 5, 5),
(22220, 'BCT DURONTO', '2018-12-23', 5, 5, 5, 5, 5, 5),
(22220, 'BCT DURONTO', '2018-12-24', 5, 5, 5, 5, 5, 5),
(22220, 'BCT DURONTO', '2018-12-25', 5, 5, 5, 5, 5, 5),
(22220, 'BCT DURONTO', '2018-12-26', 5, 5, 5, 5, 5, 5),
(22220, 'BCT DURONTO', '2018-12-27', 5, 5, 5, 5, 5, 5),
(22220, 'BCT DURONTO', '2018-12-28', 5, 5, 5, 5, 5, 5),
(22220, 'BCT DURONTO', '2018-12-29', 5, 5, 5, 5, 5, 5),
(22220, 'BCT DURONTO', '2018-12-30', 5, 5, 5, 5, 5, 5),
(22220, 'BCT DURONTO', '2018-01-01', 5, 5, 5, 5, 5, 5),
(22220, 'BCT DURONTO', '2018-01-02', 5, 5, 5, 5, 5, 5),
(22220, 'BCT DURONTO', '2018-01-03', 5, 5, 5, 5, 5, 5),
(22220, 'BCT DURONTO', '2018-01-10', 5, 5, 5, 5, 5, 5),
(22220, 'BCT DURONTO', '2018-01-11', 5, 5, 5, 5, 5, 5),
(22220, 'BCT DURONTO', '2018-01-12', 5, 5, 5, 5, 5, 5),
(22220, 'BCT DURONTO', '2018-01-01', 5, 5, 5, 5, 5, 5),
(22220, 'BCT DURONTO', '2018-01-08', 5, 5, 5, 5, 5, 5),
(22222, 'BCT DURONTO', '2018-10-10', 5, 5, 5, 5, 5, 5),
(22222, 'BCT DURONTO', '2018-10-11', 5, 5, 5, 5, 5, 5),
(22222, 'BCT DURONTO', '2018-10-12', 5, 5, 5, 5, 5, 5),
(22222, 'BCT DURONTO', '2018-10-13', 5, 5, 5, 5, 5, 5),
(22222, 'BCT DURONTO', '2018-10-14', 5, 5, 5, 5, 5, 5),
(22222, 'BCT DURONTO', '2018-10-15', 5, 5, 5, 5, 5, 5),
(22222, 'BCT DURONTO', '2018-10-16', 5, 5, 5, 5, 5, 5),
(22222, 'BCT DURONTO', '2018-10-17', 5, 5, 5, 5, 5, 5),
(22222, 'BCT DURONTO', '2018-10-18', 5, 5, 5, 5, 5, 5),
(22222, 'BCT DURONTO', '2018-10-19', 5, 5, 5, 5, 5, 5),
(22222, 'BCT DURONTO', '2018-10-20', 5, 5, 5, 5, 5, 5),
(22222, 'BCT DURONTO', '2018-10-21', 5, 5, 5, 5, 5, 5),
(22222, 'BCT DURONTO', '2018-10-22', 5, 5, 5, 5, 5, 5),
(22222, 'BCT DURONTO', '2018-10-23', 5, 5, 5, 5, 5, 5),
(22222, 'BCT DURONTO', '2018-10-24', 5, 5, 5, 5, 5, 5),
(22222, 'BCT DURONTO', '2018-10-25', 5, 5, 5, 5, 5, 5),
(22222, 'BCT DURONTO', '2018-10-26', 5, 5, 5, 5, 5, 5),
(22222, 'BCT DURONTO', '2018-10-27', 5, 5, 5, 5, 5, 5),
(22222, 'BCT DURONTO', '2018-10-28', 5, 5, 5, 5, 5, 5),
(22222, 'BCT DURONTO', '2018-10-29', 5, 5, 5, 5, 5, 5),
(22222, 'BCT DURONTO', '2018-10-30', 5, 5, 5, 5, 5, 5),
(22222, 'BCT DURONTO', '2018-11-01', 5, 5, 5, 5, 5, 5),
(22222, 'BCT DURONTO', '2018-11-02', 5, 5, 5, 5, 5, 5),
(22222, 'BCT DURONTO', '2018-11-03', 5, 5, 5, 5, 5, 5),
(22222, 'BCT DURONTO', '2018-11-10', 5, 5, 5, 5, 5, 5),
(22222, 'BCT DURONTO', '2018-11-11', 5, 5, 5, 5, 5, 5),
(22222, 'BCT DURONTO', '2018-11-12', 5, 5, 5, 5, 5, 5),
(22222, 'BCT DURONTO', '2018-11-01', 5, 5, 5, 5, 5, 5),
(22222, 'BCT DURONTO', '2018-11-08', 5, 5, 5, 5, 5, 5),
(22222, 'BCT DURONTO', '2018-11-09', 5, 5, 5, 5, 5, 5),
(22222, 'BCT DURONTO', '2018-11-10', 5, 5, 5, 5, 5, 5),
(22222, 'BCT DURONTO', '2018-11-11', 5, 5, 5, 5, 5, 5),
(22222, 'BCT DURONTO', '2018-11-12', 5, 5, 5, 5, 5, 5),
(22222, 'BCT DURONTO', '2018-11-13', 5, 5, 5, 5, 5, 5),
(22222, 'BCT DURONTO', '2018-11-14', 5, 5, 5, 5, 5, 5),
(22222, 'BCT DURONTO', '2018-11-15', 5, 5, 5, 5, 5, 5),
(22222, 'BCT DURONTO', '2018-11-16', 5, 5, 5, 5, 5, 5),
(22222, 'BCT DURONTO', '2018-11-17', 5, 5, 5, 5, 5, 5),
(22222, 'BCT DURONTO', '2018-11-18', 5, 5, 5, 5, 5, 5),
(22222, 'BCT DURONTO', '2018-11-19', 5, 5, 5, 5, 5, 5),
(22222, 'BCT DURONTO', '2018-11-20', 5, 5, 5, 5, 5, 5),
(22222, 'BCT DURONTO', '2018-11-21', 5, 5, 5, 5, 5, 5),
(22222, 'BCT DURONTO', '2018-11-22', 5, 5, 5, 5, 5, 5),
(22222, 'BCT DURONTO', '2018-11-23', 5, 5, 5, 5, 5, 5),
(22222, 'BCT DURONTO', '2018-11-24', 5, 5, 5, 5, 5, 5),
(22222, 'BCT DURONTO', '2018-11-25', 5, 5, 5, 5, 5, 5),
(22222, 'BCT DURONTO', '2018-11-26', 5, 5, 5, 5, 5, 5),
(22222, 'BCT DURONTO', '2018-11-27', 5, 5, 5, 5, 5, 5),
(22222, 'BCT DURONTO', '2018-11-28', 5, 5, 5, 5, 5, 5),
(22222, 'BCT DURONTO', '2018-11-29', 5, 5, 5, 5, 5, 5),
(22222, 'BCT DURONTO', '2018-11-30', 5, 5, 5, 5, 5, 5),
(22222, 'BCT DURONTO', '0000-00-00', 5, 5, 5, 5, 5, 5),
(22222, 'BCT DURONTO', '2018-12-01', 5, 5, 5, 5, 5, 5),
(22222, 'BCT DURONTO', '2018-12-02', 5, 5, 5, 5, 5, 5),
(22222, 'BCT DURONTO', '2018-12-03', 5, 5, 5, 5, 5, 5),
(22222, 'BCT DURONTO', '2018-12-10', 5, 5, 5, 5, 5, 5),
(22222, 'BCT DURONTO', '2018-12-11', 5, 5, 5, 5, 5, 5),
(22222, 'BCT DURONTO', '2018-12-12', 5, 5, 5, 5, 5, 5),
(22222, 'BCT DURONTO', '2018-12-01', 5, 5, 5, 5, 5, 5),
(22222, 'BCT DURONTO', '2018-12-08', 5, 5, 5, 5, 5, 5),
(22222, 'BCT DURONTO', '2018-12-09', 5, 5, 5, 5, 5, 5),
(22222, 'BCT DURONTO', '2018-12-10', 5, 5, 5, 5, 5, 5),
(22222, 'BCT DURONTO', '2018-12-11', 5, 5, 5, 5, 5, 5),
(22222, 'BCT DURONTO', '2018-12-12', 5, 5, 5, 5, 5, 5),
(22222, 'BCT DURONTO', '2018-12-13', 5, 5, 5, 5, 5, 5),
(22222, 'BCT DURONTO', '2018-12-14', 5, 5, 5, 5, 5, 5),
(22222, 'BCT DURONTO', '2018-12-15', 5, 5, 5, 5, 5, 5),
(22222, 'BCT DURONTO', '2018-12-16', 5, 5, 5, 5, 5, 5),
(22222, 'BCT DURONTO', '2018-12-17', 5, 5, 5, 5, 5, 5),
(22222, 'BCT DURONTO', '2018-12-18', 5, 5, 5, 5, 5, 5),
(22222, 'BCT DURONTO', '2018-12-19', 5, 5, 5, 5, 5, 5),
(22222, 'BCT DURONTO', '2018-12-20', 5, 5, 5, 5, 5, 5),
(22222, 'BCT DURONTO', '2018-12-21', 5, 5, 5, 5, 5, 5),
(22222, 'BCT DURONTO', '2018-12-22', 5, 5, 5, 5, 5, 5),
(22222, 'BCT DURONTO', '2018-12-23', 5, 5, 5, 5, 5, 5),
(22222, 'BCT DURONTO', '2018-12-24', 5, 5, 5, 5, 5, 5),
(22222, 'BCT DURONTO', '2018-12-25', 5, 5, 5, 5, 5, 5),
(22222, 'BCT DURONTO', '2018-12-26', 5, 5, 5, 5, 5, 5),
(22222, 'BCT DURONTO', '2018-12-27', 5, 5, 5, 5, 5, 5),
(22222, 'BCT DURONTO', '2018-12-28', 5, 5, 5, 5, 5, 5),
(22222, 'BCT DURONTO', '2018-12-29', 5, 5, 5, 5, 5, 5),
(22222, 'BCT DURONTO', '2018-12-30', 5, 5, 5, 5, 5, 5),
(22222, 'BCT DURONTO', '2018-01-01', 5, 5, 5, 5, 5, 5),
(22222, 'BCT DURONTO', '2018-01-02', 5, 5, 5, 5, 5, 5),
(22222, 'BCT DURONTO', '2018-01-03', 5, 5, 5, 5, 5, 5),
(22222, 'BCT DURONTO', '2018-01-10', 5, 5, 5, 5, 5, 5),
(22222, 'BCT DURONTO', '2018-01-11', 5, 5, 5, 5, 5, 5),
(22222, 'BCT DURONTO', '2018-01-12', 5, 5, 5, 5, 5, 5),
(22222, 'BCT DURONTO', '2018-01-01', 5, 5, 5, 5, 5, 5),
(22222, 'BCT DURONTO', '2018-01-08', 5, 5, 5, 5, 5, 5),
(25222, 'BCT DURONTO', '2018-10-10', 5, 5, 5, 5, 5, 5),
(25222, 'BCT DURONTO', '2018-10-11', 5, 5, 5, 5, 5, 5),
(25222, 'BCT DURONTO', '2018-10-12', 5, 5, 5, 5, 5, 5),
(25222, 'BCT DURONTO', '2018-10-13', 5, 5, 5, 5, 5, 5),
(25222, 'BCT DURONTO', '2018-10-14', 5, 5, 5, 5, 5, 5),
(25222, 'BCT DURONTO', '2018-10-15', 5, 5, 5, 5, 5, 5),
(25222, 'BCT DURONTO', '2018-10-16', 5, 5, 5, 5, 5, 5),
(25222, 'BCT DURONTO', '2018-10-17', 5, 5, 5, 5, 5, 5),
(25222, 'BCT DURONTO', '2018-10-18', 5, 5, 5, 5, 5, 5),
(25222, 'BCT DURONTO', '2018-10-19', 5, 5, 5, 5, 5, 5),
(25222, 'BCT DURONTO', '2018-10-20', 5, 5, 5, 5, 5, 5),
(25222, 'BCT DURONTO', '2018-10-21', 5, 5, 5, 5, 5, 5),
(25222, 'BCT DURONTO', '2018-10-22', 5, 5, 5, 5, 5, 5),
(25222, 'BCT DURONTO', '2018-10-23', 5, 5, 5, 5, 5, 5),
(25222, 'BCT DURONTO', '2018-10-24', 5, 5, 5, 5, 5, 5),
(25222, 'BCT DURONTO', '2018-10-25', 5, 5, 5, 5, 5, 5),
(25222, 'BCT DURONTO', '2018-10-26', 5, 5, 5, 5, 5, 5),
(25222, 'BCT DURONTO', '2018-10-27', 5, 5, 5, 5, 5, 5),
(25222, 'BCT DURONTO', '2018-10-28', 5, 5, 5, 5, 5, 5),
(25222, 'BCT DURONTO', '2018-10-29', 5, 5, 5, 5, 5, 5),
(25222, 'BCT DURONTO', '2018-10-30', 5, 5, 5, 5, 5, 5),
(25222, 'BCT DURONTO', '2018-11-01', 5, 5, 5, 5, 5, 5),
(25222, 'BCT DURONTO', '2018-11-02', 5, 5, 5, 5, 5, 5),
(25222, 'BCT DURONTO', '2018-11-03', 5, 5, 5, 5, 5, 5),
(25222, 'BCT DURONTO', '2018-11-10', 5, 5, 5, 5, 5, 5),
(25222, 'BCT DURONTO', '2018-11-11', 5, 5, 5, 5, 5, 5),
(25222, 'BCT DURONTO', '2018-11-12', 5, 5, 5, 5, 5, 5),
(25222, 'BCT DURONTO', '2018-11-01', 5, 5, 5, 5, 5, 5),
(25222, 'BCT DURONTO', '2018-11-08', 5, 5, 5, 5, 5, 5),
(25222, 'BCT DURONTO', '2018-11-09', 5, 5, 5, 5, 5, 5),
(25222, 'BCT DURONTO', '2018-11-10', 5, 5, 5, 5, 5, 5),
(25222, 'BCT DURONTO', '2018-11-11', 5, 5, 5, 5, 5, 5),
(25222, 'BCT DURONTO', '2018-11-12', 5, 5, 5, 5, 5, 5),
(25222, 'BCT DURONTO', '2018-11-13', 5, 5, 5, 5, 5, 5),
(25222, 'BCT DURONTO', '2018-11-14', 5, 5, 5, 5, 5, 5),
(25222, 'BCT DURONTO', '2018-11-15', 5, 5, 5, 5, 5, 5),
(25222, 'BCT DURONTO', '2018-11-16', 5, 5, 5, 5, 5, 5),
(25222, 'BCT DURONTO', '2018-11-17', 5, 5, 5, 5, 5, 5),
(25222, 'BCT DURONTO', '2018-11-18', 5, 5, 5, 5, 5, 5),
(25222, 'BCT DURONTO', '2018-11-19', 5, 5, 5, 5, 5, 5),
(25222, 'BCT DURONTO', '2018-11-20', 5, 5, 5, 5, 5, 5),
(25222, 'BCT DURONTO', '2018-11-21', 5, 5, 5, 5, 5, 5),
(25222, 'BCT DURONTO', '2018-11-22', 5, 5, 5, 5, 5, 5),
(25222, 'BCT DURONTO', '2018-11-23', 5, 5, 5, 5, 5, 5),
(25222, 'BCT DURONTO', '2018-11-24', 5, 5, 5, 5, 5, 5),
(25222, 'BCT DURONTO', '2018-11-25', 5, 5, 5, 5, 5, 5),
(25222, 'BCT DURONTO', '2018-11-26', 5, 5, 5, 5, 5, 5),
(25222, 'BCT DURONTO', '2018-11-27', 5, 5, 5, 5, 5, 5),
(25222, 'BCT DURONTO', '2018-11-28', 5, 5, 5, 5, 5, 5),
(25222, 'BCT DURONTO', '2018-11-29', 5, 5, 5, 5, 5, 5),
(25222, 'BCT DURONTO', '2018-11-30', 5, 5, 5, 5, 5, 5),
(25222, 'BCT DURONTO', '0000-00-00', 5, 5, 5, 5, 5, 5),
(25222, 'BCT DURONTO', '2018-12-01', 5, 5, 5, 5, 5, 5),
(25222, 'BCT DURONTO', '2018-12-02', 5, 5, 5, 5, 5, 5),
(25222, 'BCT DURONTO', '2018-12-03', 5, 5, 5, 5, 5, 5),
(25222, 'BCT DURONTO', '2018-12-10', 5, 5, 5, 5, 5, 5),
(25222, 'BCT DURONTO', '2018-12-11', 5, 5, 5, 5, 5, 5),
(25222, 'BCT DURONTO', '2018-12-12', 5, 5, 5, 5, 5, 5),
(25222, 'BCT DURONTO', '2018-12-01', 5, 5, 5, 5, 5, 5),
(25222, 'BCT DURONTO', '2018-12-08', 5, 5, 5, 5, 5, 5),
(25222, 'BCT DURONTO', '2018-12-09', 5, 5, 5, 5, 5, 5),
(25222, 'BCT DURONTO', '2018-12-10', 5, 5, 5, 5, 5, 5),
(25222, 'BCT DURONTO', '2018-12-11', 5, 5, 5, 5, 5, 5),
(25222, 'BCT DURONTO', '2018-12-12', 5, 5, 5, 5, 5, 5),
(25222, 'BCT DURONTO', '2018-12-13', 5, 5, 5, 5, 5, 5),
(25222, 'BCT DURONTO', '2018-12-14', 5, 5, 5, 5, 5, 5),
(25222, 'BCT DURONTO', '2018-12-15', 5, 5, 5, 5, 5, 5),
(25222, 'BCT DURONTO', '2018-12-16', 5, 5, 5, 5, 5, 5),
(25222, 'BCT DURONTO', '2018-12-17', 5, 5, 5, 5, 5, 5),
(25222, 'BCT DURONTO', '2018-12-18', 5, 5, 5, 5, 5, 5),
(25222, 'BCT DURONTO', '2018-12-19', 5, 5, 5, 5, 5, 5),
(25222, 'BCT DURONTO', '2018-12-20', 5, 5, 5, 5, 5, 5),
(25222, 'BCT DURONTO', '2018-12-21', 5, 5, 5, 5, 5, 5),
(25222, 'BCT DURONTO', '2018-12-22', 5, 5, 5, 5, 5, 5),
(25222, 'BCT DURONTO', '2018-12-23', 5, 5, 5, 5, 5, 5),
(25222, 'BCT DURONTO', '2018-12-24', 5, 5, 5, 5, 5, 5),
(25222, 'BCT DURONTO', '2018-12-25', 5, 5, 5, 5, 5, 5),
(25222, 'BCT DURONTO', '2018-12-26', 5, 5, 5, 5, 5, 5),
(25222, 'BCT DURONTO', '2018-12-27', 5, 5, 5, 5, 5, 5),
(25222, 'BCT DURONTO', '2018-12-28', 5, 5, 5, 5, 5, 5),
(25222, 'BCT DURONTO', '2018-12-29', 5, 5, 5, 5, 5, 5),
(25222, 'BCT DURONTO', '2018-12-30', 5, 5, 5, 5, 5, 5),
(25222, 'BCT DURONTO', '2018-01-01', 5, 5, 5, 5, 5, 5),
(25222, 'BCT DURONTO', '2018-01-02', 5, 5, 5, 5, 5, 5),
(25222, 'BCT DURONTO', '2018-01-03', 5, 5, 5, 5, 5, 5),
(25222, 'BCT DURONTO', '2018-01-10', 5, 5, 5, 5, 5, 5),
(25222, 'BCT DURONTO', '2018-01-11', 5, 5, 5, 5, 5, 5),
(25222, 'BCT DURONTO', '2018-01-12', 5, 5, 5, 5, 5, 5),
(25222, 'BCT DURONTO', '2018-01-01', 5, 5, 5, 5, 5, 5),
(25222, 'BCT DURONTO', '2018-01-08', 5, 5, 5, 5, 5, 5),
(29333, 'KARNAVATI EXP', '2018-10-10', 5, 5, 5, 5, 5, 5),
(29333, 'KARNAVATI EXP', '2018-10-11', 5, 5, 5, 5, 5, 5),
(29333, 'KARNAVATI EXP', '2018-10-12', 5, 5, 5, 5, 5, 5),
(29333, 'KARNAVATI EXP', '2018-10-13', 5, 5, 5, 5, 5, 5),
(29333, 'KARNAVATI EXP', '2018-10-14', 5, 5, 5, 5, 5, 5),
(29333, 'KARNAVATI EXP', '2018-10-15', 5, 5, 5, 5, 5, 5),
(29333, 'KARNAVATI EXP', '2018-10-16', 5, 5, 5, 5, 5, 5),
(29333, 'KARNAVATI EXP', '2018-10-17', 5, 5, 5, 5, 5, 5),
(29333, 'KARNAVATI EXP', '2018-10-18', 5, 5, 5, 5, 5, 5),
(29333, 'KARNAVATI EXP', '2018-10-19', 5, 5, 5, 5, 5, 5),
(29333, 'KARNAVATI EXP', '2018-10-20', 5, 5, 5, 5, 5, 5),
(29333, 'KARNAVATI EXP', '2018-10-21', 5, 5, 5, 5, 5, 5),
(29333, 'KARNAVATI EXP', '2018-10-22', 5, 5, 5, 5, 5, 5),
(29333, 'KARNAVATI EXP', '2018-10-23', 5, 5, 5, 5, 5, 5),
(29333, 'KARNAVATI EXP', '2018-10-24', 5, 5, 5, 5, 5, 5),
(29333, 'KARNAVATI EXP', '2018-10-25', 5, 5, 5, 5, 5, 5),
(29333, 'KARNAVATI EXP', '2018-10-26', 5, 5, 5, 5, 5, 5),
(29333, 'KARNAVATI EXP', '2018-10-27', 5, 5, 5, 5, 5, 5),
(29333, 'KARNAVATI EXP', '2018-10-28', 5, 5, 5, 5, 5, 5),
(29333, 'KARNAVATI EXP', '2018-10-29', 5, 5, 5, 5, 5, 5),
(29333, 'KARNAVATI EXP', '2018-10-30', 5, 5, 5, 5, 5, 5),
(29333, 'KARNAVATI EXP', '2018-11-01', 5, 5, 5, 5, 5, 5),
(29333, 'KARNAVATI EXP', '2018-11-02', 5, 5, 5, 5, 5, 5),
(29333, 'KARNAVATI EXP', '2018-11-03', 5, 5, 5, 5, 5, 5),
(29333, 'KARNAVATI EXP', '2018-11-10', 5, 5, 5, 5, 5, 5),
(29333, 'KARNAVATI EXP', '2018-11-11', 5, 5, 5, 5, 5, 5),
(29333, 'KARNAVATI EXP', '2018-11-12', 5, 5, 5, 5, 5, 5),
(29333, 'KARNAVATI EXP', '2018-11-01', 5, 5, 5, 5, 5, 5),
(29333, 'KARNAVATI EXP', '2018-11-08', 5, 5, 5, 5, 5, 5),
(29333, 'KARNAVATI EXP', '2018-11-09', 5, 5, 5, 5, 5, 5),
(29333, 'KARNAVATI EXP', '2018-11-10', 5, 5, 5, 5, 5, 5),
(29333, 'KARNAVATI EXP', '2018-11-11', 5, 5, 5, 5, 5, 5),
(29333, 'KARNAVATI EXP', '2018-11-12', 5, 5, 5, 5, 5, 5),
(29333, 'KARNAVATI EXP', '2018-11-13', 5, 5, 5, 5, 5, 5),
(29333, 'KARNAVATI EXP', '2018-11-14', 5, 5, 5, 5, 5, 5),
(29333, 'KARNAVATI EXP', '2018-11-15', 5, 5, 5, 5, 5, 5),
(29333, 'KARNAVATI EXP', '2018-11-16', 5, 5, 5, 5, 5, 5),
(29333, 'KARNAVATI EXP', '2018-11-17', 5, 5, 5, 5, 5, 5),
(29333, 'KARNAVATI EXP', '2018-11-18', 5, 5, 5, 5, 5, 5),
(29333, 'KARNAVATI EXP', '2018-11-19', 5, 5, 5, 5, 5, 5),
(29333, 'KARNAVATI EXP', '2018-11-20', 5, 5, 5, 5, 5, 5),
(29333, 'KARNAVATI EXP', '2018-11-21', 5, 5, 5, 5, 5, 5),
(29333, 'KARNAVATI EXP', '2018-11-22', 5, 5, 5, 5, 5, 5),
(29333, 'KARNAVATI EXP', '2018-11-23', 5, 5, 5, 5, 5, 5),
(29333, 'KARNAVATI EXP', '2018-11-24', 5, 5, 5, 5, 5, 5),
(29333, 'KARNAVATI EXP', '2018-11-25', 5, 5, 5, 5, 5, 5),
(29333, 'KARNAVATI EXP', '2018-11-26', 5, 5, 5, 5, 5, 5),
(29333, 'KARNAVATI EXP', '2018-11-27', 5, 5, 5, 5, 5, 5),
(29333, 'KARNAVATI EXP', '2018-11-28', 5, 5, 5, 5, 5, 5),
(29333, 'KARNAVATI EXP', '2018-11-29', 5, 5, 5, 5, 5, 5),
(29333, 'KARNAVATI EXP', '2018-11-30', 5, 5, 5, 5, 5, 5),
(29333, 'KARNAVATI EXP', '0000-00-00', 5, 5, 5, 5, 5, 5),
(29333, 'KARNAVATI EXP', '2018-12-01', 5, 5, 5, 5, 5, 5),
(29333, 'KARNAVATI EXP', '2018-12-02', 5, 5, 5, 5, 5, 5),
(29333, 'KARNAVATI EXP', '2018-12-03', 5, 5, 5, 5, 5, 5),
(29333, 'KARNAVATI EXP', '2018-12-10', 5, 5, 5, 5, 5, 5),
(29333, 'KARNAVATI EXP', '2018-12-11', 5, 5, 5, 5, 5, 5),
(29333, 'KARNAVATI EXP', '2018-12-12', 5, 5, 5, 5, 5, 5),
(29333, 'KARNAVATI EXP', '2018-12-01', 5, 5, 5, 5, 5, 5),
(29333, 'KARNAVATI EXP', '2018-12-08', 5, 5, 5, 5, 5, 5),
(29333, 'KARNAVATI EXP', '2018-12-09', 5, 5, 5, 5, 5, 5),
(29333, 'KARNAVATI EXP', '2018-12-10', 5, 5, 5, 5, 5, 5),
(29333, 'KARNAVATI EXP', '2018-12-11', 5, 5, 5, 5, 5, 5),
(29333, 'KARNAVATI EXP', '2018-12-12', 5, 5, 5, 5, 5, 5),
(29333, 'KARNAVATI EXP', '2018-12-13', 5, 5, 5, 5, 5, 5),
(29333, 'KARNAVATI EXP', '2018-12-14', 5, 5, 5, 5, 5, 5),
(29333, 'KARNAVATI EXP', '2018-12-15', 5, 5, 5, 5, 5, 5),
(29333, 'KARNAVATI EXP', '2018-12-16', 5, 5, 5, 5, 5, 5),
(29333, 'KARNAVATI EXP', '2018-12-17', 5, 5, 5, 5, 5, 5),
(29333, 'KARNAVATI EXP', '2018-12-18', 5, 5, 5, 5, 5, 5),
(29333, 'KARNAVATI EXP', '2018-12-19', 5, 5, 5, 5, 5, 5),
(29333, 'KARNAVATI EXP', '2018-12-20', 5, 5, 5, 5, 5, 5),
(29333, 'KARNAVATI EXP', '2018-12-21', 5, 5, 5, 5, 5, 5),
(29333, 'KARNAVATI EXP', '2018-12-22', 5, 5, 5, 5, 5, 5),
(29333, 'KARNAVATI EXP', '2018-12-23', 5, 5, 5, 5, 5, 5),
(29333, 'KARNAVATI EXP', '2018-12-24', 5, 5, 5, 5, 5, 5),
(29333, 'KARNAVATI EXP', '2018-12-25', 5, 5, 5, 5, 5, 5),
(29333, 'KARNAVATI EXP', '2018-12-26', 5, 5, 5, 5, 5, 5),
(29333, 'KARNAVATI EXP', '2018-12-27', 5, 5, 5, 5, 5, 5),
(29333, 'KARNAVATI EXP', '2018-12-28', 5, 5, 5, 5, 5, 5),
(29333, 'KARNAVATI EXP', '2018-12-29', 5, 5, 5, 5, 5, 5),
(29333, 'KARNAVATI EXP', '2018-12-30', 5, 5, 5, 5, 5, 5);
INSERT INTO `seats_availability` (`Train_No`, `Train_Name`, `doj`, `1A`, `2A`, `3A`, `AC`, `CC`, `SL`) VALUES
(29333, 'KARNAVATI EXP', '2018-01-01', 5, 5, 5, 5, 5, 5),
(29333, 'KARNAVATI EXP', '2018-01-02', 5, 5, 5, 5, 5, 5),
(29333, 'KARNAVATI EXP', '2018-01-03', 5, 5, 5, 5, 5, 5),
(29333, 'KARNAVATI EXP', '2018-01-10', 5, 5, 5, 5, 5, 5),
(29333, 'KARNAVATI EXP', '2018-01-11', 5, 5, 5, 5, 5, 5),
(29333, 'KARNAVATI EXP', '2018-01-12', 5, 5, 5, 5, 5, 5),
(29333, 'KARNAVATI EXP', '2018-01-01', 5, 5, 5, 5, 5, 5),
(29333, 'KARNAVATI EXP', '2018-01-08', 5, 5, 5, 5, 5, 5),
(59442, 'AHMEDABAD PASS', '2018-10-10', 5, 5, 5, 5, 5, 5),
(59442, 'AHMEDABAD PASS', '2018-10-11', 5, 5, 5, 5, 5, 5),
(59442, 'AHMEDABAD PASS', '2018-10-12', 5, 5, 5, 5, 5, 5),
(59442, 'AHMEDABAD PASS', '2018-10-13', 5, 5, 5, 5, 5, 5),
(59442, 'AHMEDABAD PASS', '2018-10-14', 5, 5, 5, 5, 5, 5),
(59442, 'AHMEDABAD PASS', '2018-10-15', 5, 5, 5, 5, 5, 5),
(59442, 'AHMEDABAD PASS', '2018-10-16', 5, 5, 5, 5, 5, 5),
(59442, 'AHMEDABAD PASS', '2018-10-17', 5, 5, 5, 5, 5, 5),
(59442, 'AHMEDABAD PASS', '2018-10-18', 5, 5, 5, 5, 5, 5),
(59442, 'AHMEDABAD PASS', '2018-10-19', 5, 5, 5, 5, 5, 5),
(59442, 'AHMEDABAD PASS', '2018-10-20', 5, 5, 5, 5, 5, 5),
(59442, 'AHMEDABAD PASS', '2018-10-21', 5, 5, 5, 5, 5, 5),
(59442, 'AHMEDABAD PASS', '2018-10-22', 5, 5, 5, 5, 5, 5),
(59442, 'AHMEDABAD PASS', '2018-10-23', 5, 5, 5, 5, 5, 5),
(59442, 'AHMEDABAD PASS', '2018-10-24', 5, 5, 5, 5, 5, 5),
(59442, 'AHMEDABAD PASS', '2018-10-25', 5, 5, 5, 5, 5, 5),
(59442, 'AHMEDABAD PASS', '2018-10-26', 5, 5, 5, 5, 5, 5),
(59442, 'AHMEDABAD PASS', '2018-10-27', 5, 5, 5, 5, 5, 5),
(59442, 'AHMEDABAD PASS', '2018-10-28', 5, 5, 5, 5, 5, 5),
(59442, 'AHMEDABAD PASS', '2018-10-29', 5, 5, 5, 5, 5, 5),
(59442, 'AHMEDABAD PASS', '2018-10-30', 5, 5, 5, 5, 5, 5),
(59442, 'AHMEDABAD PASS', '2018-11-01', 5, 5, 5, 5, 5, 5),
(59442, 'AHMEDABAD PASS', '2018-11-02', 5, 5, 5, 5, 5, 5),
(59442, 'AHMEDABAD PASS', '2018-11-03', 5, 5, 5, 5, 5, 5),
(59442, 'AHMEDABAD PASS', '2018-11-10', 5, 5, 5, 5, 5, 5),
(59442, 'AHMEDABAD PASS', '2018-11-11', 5, 5, 5, 5, 5, 5),
(59442, 'AHMEDABAD PASS', '2018-11-12', 5, 5, 5, 5, 5, 5),
(59442, 'AHMEDABAD PASS', '2018-11-01', 5, 5, 5, 5, 5, 5),
(59442, 'AHMEDABAD PASS', '2018-11-08', 5, 5, 5, 5, 5, 5),
(59442, 'AHMEDABAD PASS', '2018-11-09', 5, 5, 5, 5, 5, 5),
(59442, 'AHMEDABAD PASS', '2018-11-10', 5, 5, 5, 5, 5, 5),
(59442, 'AHMEDABAD PASS', '2018-11-11', 5, 5, 5, 5, 5, 5),
(59442, 'AHMEDABAD PASS', '2018-11-12', 5, 5, 5, 5, 5, 5),
(59442, 'AHMEDABAD PASS', '2018-11-13', 5, 5, 5, 5, 5, 5),
(59442, 'AHMEDABAD PASS', '2018-11-14', 5, 5, 5, 5, 5, 5),
(59442, 'AHMEDABAD PASS', '2018-11-15', 5, 5, 5, 5, 5, 5),
(59442, 'AHMEDABAD PASS', '2018-11-16', 5, 5, 5, 5, 5, 5),
(59442, 'AHMEDABAD PASS', '2018-11-17', 5, 5, 5, 5, 5, 5),
(59442, 'AHMEDABAD PASS', '2018-11-18', 5, 5, 5, 5, 5, 5),
(59442, 'AHMEDABAD PASS', '2018-11-19', 5, 5, 5, 5, 5, 5),
(59442, 'AHMEDABAD PASS', '2018-11-20', 5, 5, 5, 5, 5, 5),
(59442, 'AHMEDABAD PASS', '2018-11-21', 5, 5, 5, 5, 5, 5),
(59442, 'AHMEDABAD PASS', '2018-11-22', 5, 5, 5, 5, 5, 5),
(59442, 'AHMEDABAD PASS', '2018-11-23', 5, 5, 5, 5, 5, 5),
(59442, 'AHMEDABAD PASS', '2018-11-24', 5, 5, 5, 5, 5, 5),
(59442, 'AHMEDABAD PASS', '2018-11-25', 5, 5, 5, 5, 5, 5),
(59442, 'AHMEDABAD PASS', '2018-11-26', 5, 5, 5, 5, 5, 5),
(59442, 'AHMEDABAD PASS', '2018-11-27', 5, 5, 5, 5, 5, 5),
(59442, 'AHMEDABAD PASS', '2018-11-28', 5, 5, 5, 5, 5, 5),
(59442, 'AHMEDABAD PASS', '2018-11-29', 5, 5, 5, 5, 5, 5),
(59442, 'AHMEDABAD PASS', '2018-11-30', 5, 5, 5, 5, 5, 5),
(59442, 'AHMEDABAD PASS', '0000-00-00', 5, 5, 5, 5, 5, 5),
(59442, 'AHMEDABAD PASS', '2018-12-01', 5, 5, 5, 5, 5, 5),
(59442, 'AHMEDABAD PASS', '2018-12-02', 5, 5, 5, 5, 5, 5),
(59442, 'AHMEDABAD PASS', '2018-12-03', 5, 5, 5, 5, 5, 5),
(59442, 'AHMEDABAD PASS', '2018-12-10', 5, 5, 5, 5, 5, 5),
(59442, 'AHMEDABAD PASS', '2018-12-11', 5, 5, 5, 5, 5, 5),
(59442, 'AHMEDABAD PASS', '2018-12-12', 5, 5, 5, 5, 5, 5),
(59442, 'AHMEDABAD PASS', '2018-12-01', 5, 5, 5, 5, 5, 5),
(59442, 'AHMEDABAD PASS', '2018-12-08', 5, 5, 5, 5, 5, 5),
(59442, 'AHMEDABAD PASS', '2018-12-09', 5, 5, 5, 5, 5, 5),
(59442, 'AHMEDABAD PASS', '2018-12-10', 5, 5, 5, 5, 5, 5),
(59442, 'AHMEDABAD PASS', '2018-12-11', 5, 5, 5, 5, 5, 5),
(59442, 'AHMEDABAD PASS', '2018-12-12', 5, 5, 5, 5, 5, 5),
(59442, 'AHMEDABAD PASS', '2018-12-13', 5, 5, 5, 5, 5, 5),
(59442, 'AHMEDABAD PASS', '2018-12-14', 5, 5, 5, 5, 5, 5),
(59442, 'AHMEDABAD PASS', '2018-12-15', 5, 5, 5, 5, 5, 5),
(59442, 'AHMEDABAD PASS', '2018-12-16', 5, 5, 5, 5, 5, 5),
(59442, 'AHMEDABAD PASS', '2018-12-17', 5, 5, 5, 5, 5, 5),
(59442, 'AHMEDABAD PASS', '2018-12-18', 5, 5, 5, 5, 5, 5),
(59442, 'AHMEDABAD PASS', '2018-12-19', 5, 5, 5, 5, 5, 5),
(59442, 'AHMEDABAD PASS', '2018-12-20', 5, 5, 5, 5, 5, 5),
(59442, 'AHMEDABAD PASS', '2018-12-21', 5, 5, 5, 5, 5, 5),
(59442, 'AHMEDABAD PASS', '2018-12-22', 5, 5, 5, 5, 5, 5),
(59442, 'AHMEDABAD PASS', '2018-12-23', 5, 5, 5, 5, 5, 5),
(59442, 'AHMEDABAD PASS', '2018-12-24', 5, 5, 5, 5, 5, 5),
(59442, 'AHMEDABAD PASS', '2018-12-25', 5, 5, 5, 5, 5, 5),
(59442, 'AHMEDABAD PASS', '2018-12-26', 5, 5, 5, 5, 5, 5),
(59442, 'AHMEDABAD PASS', '2018-12-27', 5, 5, 5, 5, 5, 5),
(59442, 'AHMEDABAD PASS', '2018-12-28', 5, 5, 5, 5, 5, 5),
(59442, 'AHMEDABAD PASS', '2018-12-29', 5, 5, 5, 5, 5, 5),
(59442, 'AHMEDABAD PASS', '2018-12-30', 5, 5, 5, 5, 5, 5),
(59442, 'AHMEDABAD PASS', '2018-01-01', 5, 5, 5, 5, 5, 5),
(59442, 'AHMEDABAD PASS', '2018-01-02', 5, 5, 5, 5, 5, 5),
(59442, 'AHMEDABAD PASS', '2018-01-03', 5, 5, 5, 5, 5, 5),
(59442, 'AHMEDABAD PASS', '2018-01-10', 5, 5, 5, 5, 5, 5),
(59442, 'AHMEDABAD PASS', '2018-01-11', 5, 5, 5, 5, 5, 5),
(59442, 'AHMEDABAD PASS', '2018-01-12', 5, 5, 5, 5, 5, 5),
(59442, 'AHMEDABAD PASS', '2018-01-01', 5, 5, 5, 5, 5, 5),
(59442, 'AHMEDABAD PASS', '2018-01-08', 5, 5, 5, 5, 5, 5);

-- --------------------------------------------------------

--
-- Table structure for table `train_list`
--

CREATE TABLE `train_list` (
  `Number` int(6) NOT NULL,
  `Name` varchar(20) NOT NULL,
  `Origin` varchar(20) NOT NULL,
  `Destination` varchar(20) NOT NULL,
  `Arrival` varchar(10) NOT NULL,
  `Departure` varchar(10) NOT NULL,
  `Mon` varchar(2) NOT NULL,
  `Tue` varchar(2) NOT NULL,
  `Wed` varchar(2) NOT NULL,
  `Thu` varchar(2) NOT NULL,
  `Fri` varchar(2) NOT NULL,
  `Sat` varchar(2) NOT NULL,
  `Sun` varchar(2) NOT NULL,
  `1A` int(11) NOT NULL,
  `2A` int(11) NOT NULL,
  `3A` int(11) NOT NULL,
  `SL` int(11) NOT NULL,
  `General` int(11) NOT NULL,
  `Ladies` int(11) NOT NULL,
  `Tatkal` int(11) NOT NULL
) ENGINE=InnoDB DEFAULT CHARSET=latin1;

--
-- Dumping data for table `train_list`
--

INSERT INTO `train_list` (`Number`, `Name`, `Origin`, `Destination`, `Arrival`, `Departure`, `Mon`, `Tue`, `Wed`, `Thu`, `Fri`, `Sat`, `Sun`, `1A`, `2A`, `3A`, `SL`, `General`, `Ladies`, `Tatkal`) VALUES
(12009, 'SHATABDI EXP', 'BCT', 'ADI', '22:15', '12:25', 'Y', 'Y', 'Y', 'Y', 'Y', 'Y', 'N', 2500, 1000, 500, 250, 2, 1, 3),
(12931, 'ADI DOUBLE DECK', 'BCT', 'ADI', 'First st', '14:20', 'Y', 'Y', 'Y', 'Y', 'Y', 'Y', 'N', 2500, 1000, 500, 250, 2, 1, 3),
(12932, 'BCT DOUBLEDECKE', 'ADI', 'BCT', '13:00', 'Last st', 'Y', 'Y', 'Y', 'Y', 'Y', 'Y', 'N', 2500, 1000, 500, 250, 2, 1, 3),
(12952, 'MUMBAI RAJDHANI', 'NDLS', 'BCT', '08:25', 'last st', 'Y', 'Y', 'Y', 'Y', 'Y', 'Y', 'Y', 2500, 1000, 500, 250, 2, 1, 3),
(19011, 'GUJARAT EXPRESS', 'ADI', 'BCT', '16:25', '10:35', 'Y', 'Y', 'Y', 'Y', 'Y', 'Y', 'Y', 2500, 1000, 500, 250, 2, 1, 3),
(22210, 'BCT DURONTO', 'NDLS', 'BCT', '16:15', 'Last st', 'N', 'N', 'Y', 'N', 'N', 'N', 'Y', 2500, 1000, 500, 250, 2, 1, 3),
(22220, 'BCT DURONTO', 'NDLS', 'BCT', '16:15', 'Last st', 'N', 'N', 'Y', 'N', 'N', 'N', 'Y', 2500, 1000, 500, 250, 2, 1, 3),
(22222, 'BCT DURONTO', 'NDLS', 'BCT', '16:15', 'Last st', 'N', 'N', 'Y', 'N', 'N', 'N', 'Y', 2500, 1000, 500, 250, 2, 1, 3),
(25222, 'BCT DURONTO', 'NDLS', 'BCT', '16:15', 'Last st', 'N', 'N', 'Y', 'N', 'N', 'N', 'Y', 2500, 1000, 500, 250, 2, 1, 3),
(29333, 'KARNAVATI EXP', 'AHMD', 'BCT', '08:11', '21:10', 'Y', 'Y', 'Y', 'N', 'Y', 'N', 'Y', 2500, 1000, 500, 250, 2, 1, 3),
(59442, 'AHMEDABAD PASS', 'ADI', 'BCT', '10:35', '1:35', 'Y', 'Y', 'Y', 'Y', 'Y', 'Y', 'Y', 2500, 1000, 500, 250, 2, 1, 3);

-- --------------------------------------------------------

--
-- Table structure for table `users`
--

CREATE TABLE `users` (
  `f_name` varchar(50) NOT NULL,
  `l_name` varchar(50) NOT NULL,
  `email` varchar(50) NOT NULL,
  `password` varchar(20) NOT NULL,
  `gender` varchar(10) NOT NULL,
  `marital` varchar(10) NOT NULL,
  `dob` varchar(20) NOT NULL,
  `mobile` bigint(10) NOT NULL,
  `ques` varchar(100) NOT NULL,
  `ans` varchar(100) NOT NULL,
  `usertype` varchar(5) NOT NULL,
  `u_name` varchar(25) DEFAULT NULL
) ENGINE=InnoDB DEFAULT CHARSET=latin1;

--
-- Dumping data for table `users`
--

INSERT INTO `users` (`f_name`, `l_name`, `email`, `password`, `gender`, `marital`, `dob`, `mobile`, `ques`, `ans`, `usertype`, `u_name`) VALUES
('Harsh', 'Palan', 'harsh@gmail.com', '12345678', 'male', 'married', '1998-12-26', 9867145554, 'What was the name of your first school?', 'smpr', 'admin', 'adminharsh'),
('Heer', 'Palan', 'heer@gmail.com', 'heer1234', 'female', 'married', '2000-10-18', 9221164747, 'What is your favorite hero?', 'srk', 'user', 'HEER'),
('khushali', 'ganatra', 'khushali.ganatra@somaiya.edu', 'yatri1234', 'female', 'unmarried', '1999-02-14', 8779193491, 'What is your pets name ?', 'hooman', 'user', 'khush'),
('Rishik', 'Kabra', 'rishik.kabra@somaiya.edu', 'rishik12', 'male', 'unmarried', '1997-12-26', 8888871113, 'What is your pets name ?', 'Tomato', 'user', 'CHECKMATE'),
('Chaitravi', 'More', 'chaitravi.m@somaiya.edu', 'chaitravi1234', 'female', 'unmarried', '1998-10-24', 9930184002, 'What is your favorite movie?', 'Yjhd', 'user', 'chaitravinore'),
('sneh', 'chitalia', 'sneh.c@somaiya.edu', 'snehchitalia', 'male', 'unmarried', '1998-02-10', 9594781210, 'What is your favorite movie?', 'avengers', 'user', 'csneh'),
('Foram', 'Shah', 'frshah97@gmail.com', 'frshah0397', 'female', 'unmarried', '1985-12-03', 9769413022, 'What is your favorite hero?', 'SRK', 'user', 'ForamShah'),
('Mihir', 'Balsara', 'mihir.balsara@somaiya.edu', 'mihirbalsara', 'male', 'unmarried', '1998-10-08', 8898391245, 'What was the name of your first school?', 'OLRS', 'user', 'mihirbalsara'),
('Harsh', 'Palan', 'harsh@gmail.com', 'harsh123', 'male', 'unmarried', '1998-06-26', 9867145554, 'What was the name of your first school?', 'SMPR', 'user', 'Harsh');

--
-- Indexes for dumped tables
--

--
-- Indexes for table `train_list`
--
ALTER TABLE `train_list`
  ADD PRIMARY KEY (`Number`);
COMMIT;

/*!40101 SET CHARACTER_SET_CLIENT=@OLD_CHARACTER_SET_CLIENT */;
/*!40101 SET CHARACTER_SET_RESULTS=@OLD_CHARACTER_SET_RESULTS */;
/*!40101 SET COLLATION_CONNECTION=@OLD_COLLATION_CONNECTION */;
